{"stats":{"minecraft:used":{"minecraft:stone_pickaxe":5,"minecraft:iron_pickaxe":10,"minecraft:iron_helmet":1,"minecraft:wooden_pickaxe":5,"minecraft:iron_sword":20,"minecraft:iron_chestplate":2,"minecraft:torch":8},"minecraft:mined":{"minecraft:spore_blossom":1,"minecraft:spruce_log":9,"minecraft:deepslate":20},"minecraft:killed_by":{"minecraft:player":1},"minecraft:picked_up":{"minecraft:stick":11,"minecraft:iron_chestplate":1,"minecraft:chest_minecart":1,"minecraft:torch":9,"minecraft:shield":1,"minecraft:spruce_log":8,"minecraft:string":3,"minecraft:arrow":1,"minecraft:bone":3,"minecraft:detector_rail":4,"minecraft:cobbled_deepslate":36,"minecraft:spore_blossom":1,"minecraft:spruce_planks":74,"minecraft:iron_helmet":1,"minecraft:iron_ingot":20,"minecraft:stone_pickaxe":1,"minecraft:gold_ingot":1,"minecraft:iron_pickaxe":2,"minecraft:coal":3,"minecraft:iron_sword":2,"minecraft:oak_planks":9,"minecraft:rail":7},"minecraft:crafted":{"minecraft:iron_chestplate":1,"minecraft:shield":1,"minecraft:spruce_planks":32,"minecraft:stick":20,"minecraft:wooden_pickaxe":2,"minecraft:iron_helmet":1,"minecraft:stone_pickaxe":1,"minecraft:torch":12},"minecraft:custom":{"minecraft:time_since_rest":2156,"minecraft:interact_with_furnace":4,"minecraft:sprint_one_cm":8635,"minecraft:damage_taken":517,"minecraft:walk_one_cm":22732,"minecraft:drop":2,"minecraft:damage_dealt":625,"minecraft:interact_with_crafting_table":8,"minecraft:fly_one_cm":4022,"minecraft:player_kills":1,"minecraft:crouch_one_cm":401,"minecraft:play_time":10435,"minecraft:deaths":1,"minecraft:sneak_time":200,"minecraft:jump":65,"minecraft:leave_game":7,"minecraft:time_since_death":2089,"minecraft:total_world_time":10435,"minecraft:fall_one_cm":988},"minecraft:dropped":{"minecraft:wooden_pickaxe":2}},"DataVersion":3465}