{"stats":{"minecraft:used":{"minecraft:stone_pickaxe":5,"minecraft:iron_pickaxe":10,"minecraft:iron_helmet":1,"minecraft:wooden_pickaxe":5,"minecraft:iron_sword":26,"minecraft:iron_chestplate":2,"minecraft:torch":12},"minecraft:mined":{"minecraft:spore_blossom":1,"minecraft:spruce_log":9,"minecraft:cobweb":1,"minecraft:deepslate":20},"minecraft:killed":{"minecraft:zombie":2,"minecraft:zombie_villager":1},"minecraft:killed_by":{"minecraft:player":1,"minecraft:creeper":1},"minecraft:picked_up":{"minecraft:stick":11,"minecraft:iron_chestplate":1,"minecraft:chest_minecart":1,"minecraft:torch":9,"minecraft:shield":1,"minecraft:spruce_log":8,"minecraft:string":4,"minecraft:arrow":1,"minecraft:bone":3,"minecraft:rotten_flesh":2,"minecraft:detector_rail":4,"minecraft:cobbled_deepslate":36,"minecraft:spore_blossom":1,"minecraft:spruce_planks":74,"minecraft:iron_helmet":1,"minecraft:iron_ingot":20,"minecraft:stone_pickaxe":1,"minecraft:gold_ingot":1,"minecraft:iron_pickaxe":2,"minecraft:glow_berries":1,"minecraft:coal":3,"minecraft:iron_sword":2,"minecraft:oak_planks":9,"minecraft:rail":7},"minecraft:crafted":{"minecraft:iron_chestplate":1,"minecraft:shield":1,"minecraft:spruce_planks":32,"minecraft:stick":20,"minecraft:wooden_pickaxe":2,"minecraft:iron_helmet":1,"minecraft:stone_pickaxe":1,"minecraft:torch":12},"minecraft:custom":{"minecraft:time_since_rest":1815,"minecraft:interact_with_furnace":4,"minecraft:sprint_one_cm":23883,"minecraft:damage_taken":766,"minecraft:walk_one_cm":45210,"minecraft:mob_kills":3,"minecraft:drop":2,"minecraft:damage_dealt":1222,"minecraft:interact_with_crafting_table":8,"minecraft:fly_one_cm":6499,"minecraft:player_kills":1,"minecraft:crouch_one_cm":426,"minecraft:play_time":14742,"minecraft:deaths":2,"minecraft:sneak_time":280,"minecraft:jump":123,"minecraft:leave_game":8,"minecraft:walk_on_water_one_cm":236,"minecraft:time_since_death":1754,"minecraft:climb_one_cm":421,"minecraft:total_world_time":14742,"minecraft:fall_one_cm":1199},"minecraft:dropped":{"minecraft:wooden_pickaxe":2}},"DataVersion":3465}