{"stats":{"minecraft:used":{"minecraft:dirt":4},"minecraft:killed_by":{"minecraft:creeper":1,"minecraft:zombie":2,"minecraft:player":1},"minecraft:killed":{"minecraft:spider":1,"minecraft:zombie":3},"minecraft:custom":{"minecraft:time_since_rest":1656,"minecraft:play_time":8668,"minecraft:sprint_one_cm":15764,"minecraft:walk_one_cm":15284,"minecraft:damage_taken":1080,"minecraft:deaths":4,"minecraft:sneak_time":7,"minecraft:walk_under_water_one_cm":547,"minecraft:mob_kills":4,"minecraft:jump":243,"minecraft:damage_dealt":1068,"minecraft:leave_game":1,"minecraft:time_since_death":1076,"minecraft:walk_on_water_one_cm":6592,"minecraft:total_world_time":8668,"minecraft:player_kills":2,"minecraft:swim_one_cm":4364,"minecraft:fly_one_cm":32558,"minecraft:fall_one_cm":5854},"minecraft:mined":{"minecraft:podzol":4,"minecraft:grass":2,"minecraft:spruce_leaves":1,"minecraft:spruce_log":1,"minecraft:fern":3},"minecraft:picked_up":{"minecraft:rotten_flesh":7,"minecraft:dirt":4,"minecraft:string":4}},"DataVersion":3465}