{"stats":{"minecraft:mined":{"minecraft:fern":3},"minecraft:picked_up":{"minecraft:wheat_seeds":1},"minecraft:custom":{"minecraft:jump":30,"minecraft:time_since_rest":4564,"minecraft:damage_dealt":8,"minecraft:damage_taken":70,"minecraft:leave_game":2,"minecraft:play_time":4564,"minecraft:time_since_death":4564,"minecraft:walk_on_water_one_cm":7289,"minecraft:walk_one_cm":7851,"minecraft:sneak_time":2,"minecraft:total_world_time":4564,"minecraft:walk_under_water_one_cm":158,"minecraft:boat_one_cm":70541,"minecraft:fly_one_cm":109}},"DataVersion":3465}