{"stats":{"minecraft:crafted":{"minecraft:wooden_sword":1,"minecraft:furnace":3,"minecraft:cooked_mutton":1,"minecraft:flint_and_steel":1,"minecraft:iron_boots":1,"minecraft:iron_axe":1,"minecraft:stone_pickaxe":3,"minecraft:spruce_boat":3,"minecraft:cooked_beef":7,"minecraft:sugar":11,"minecraft:wooden_shovel":1,"minecraft:cooked_porkchop":8,"minecraft:crafting_table":6,"minecraft:spruce_planks":134,"minecraft:wooden_pickaxe":1,"minecraft:iron_helmet":1,"minecraft:iron_sword":2,"minecraft:bucket":2,"minecraft:stone_axe":1,"minecraft:air":0,"minecraft:iron_chestplate":1,"minecraft:stick":36,"minecraft:iron_ingot":77,"minecraft:iron_pickaxe":4,"minecraft:wooden_axe":2,"minecraft:stone_sword":1,"minecraft:iron_leggings":1,"minecraft:iron_shovel":1,"minecraft:gold_ingot":13},"minecraft:used":{"minecraft:moss_block":1,"minecraft:jack_o_lantern":1,"minecraft:stone_sword":4,"minecraft:iron_shovel":39,"minecraft:flint_and_steel":3,"minecraft:tropical_fish":3,"minecraft:poppy":1,"minecraft:shield":46,"minecraft:iron_sword":285,"minecraft:wooden_shovel":20,"minecraft:netherrack":20,"minecraft:iron_chestplate":1,"minecraft:torch":8,"minecraft:dirt":3,"minecraft:nether_bricks":2,"minecraft:tuff":1,"minecraft:spruce_boat":2,"minecraft:wooden_axe":36,"minecraft:lava_bucket":3,"minecraft:iron_axe":26,"minecraft:iron_helmet":1,"minecraft:iron_boots":1,"minecraft:furnace":8,"minecraft:cooked_beef":7,"minecraft:cobbled_deepslate":97,"minecraft:iron_leggings":1,"minecraft:cooked_mutton":1,"minecraft:water_bucket":3,"minecraft:diorite":2,"minecraft:stone_pickaxe":212,"minecraft:ender_pearl":1,"minecraft:wooden_pickaxe":5,"minecraft:sugar_cane":3,"minecraft:golden_apple":1,"minecraft:crafting_table":12,"minecraft:spruce_log":6,"minecraft:bread":16,"minecraft:iron_pickaxe":299,"minecraft:stone_axe":10,"minecraft:cobblestone":101,"minecraft:cooked_porkchop":5,"minecraft:bucket":7},"minecraft:dropped":{"minecraft:iron_ingot":17,"minecraft:iron_sword":3,"minecraft:moss_block":7,"minecraft:wheat_seeds":8,"minecraft:crafting_table":1,"minecraft:cooked_porkchop":5,"minecraft:feather":3,"minecraft:oak_fence":4,"minecraft:cobblestone":53,"minecraft:leather":2,"minecraft:granite":4,"minecraft:rail":1,"minecraft:coal":13,"minecraft:dirt":36,"minecraft:jack_o_lantern":2,"minecraft:wooden_sword":1,"minecraft:iron_pickaxe":2,"minecraft:white_wool":1,"minecraft:spruce_sapling":1,"minecraft:gold_ingot":6,"minecraft:furnace":1,"minecraft:moss_carpet":3,"minecraft:warped_nylium":1,"minecraft:stone_sword":1,"minecraft:cobbled_deepslate":18,"minecraft:tuff":31,"minecraft:rotten_flesh":23,"minecraft:clay_ball":128,"minecraft:spruce_planks":32,"minecraft:wooden_shovel":2,"minecraft:spider_eye":2,"minecraft:wooden_pickaxe":1,"minecraft:stone_pickaxe":4,"minecraft:raw_gold":8},"minecraft:killed":{"minecraft:witch":1,"minecraft:spider":4,"minecraft:slime":5,"minecraft:skeleton":11,"minecraft:drowned":1,"minecraft:turtle":1,"minecraft:tropical_fish":2,"minecraft:pig":3,"minecraft:zombie_villager":2,"minecraft:creeper":2,"minecraft:sheep":2,"minecraft:zombie":28,"minecraft:wither_skeleton":4,"minecraft:villager":1,"minecraft:blaze":5,"minecraft:cow":12,"minecraft:enderman":1},"minecraft:broken":{"minecraft:stone_pickaxe":1,"minecraft:iron_pickaxe":1},"minecraft:mined":{"minecraft:tuff":27,"minecraft:spruce_planks":4,"minecraft:deepslate_diamond_ore":1,"minecraft:jack_o_lantern":1,"minecraft:nether_bricks":1,"minecraft:cave_vines_plant":1,"minecraft:grass_block":6,"minecraft:spruce_leaves":8,"minecraft:moss_block":5,"minecraft:large_fern":1,"minecraft:magma_block":4,"minecraft:furnace":5,"minecraft:fire":5,"minecraft:iron_ore":18,"minecraft:cobbled_deepslate":5,"minecraft:pumpkin":8,"minecraft:moss_carpet":1,"minecraft:fletching_table":1,"minecraft:deepslate_lapis_ore":19,"minecraft:gold_block":1,"minecraft:cave_vines":1,"minecraft:deepslate_iron_ore":59,"minecraft:azalea":1,"minecraft:stone":172,"minecraft:podzol":2,"minecraft:deepslate_redstone_ore":13,"minecraft:flowering_azalea":1,"minecraft:crafting_table":7,"minecraft:clay":25,"minecraft:torch":8,"minecraft:poppy":1,"minecraft:cobblestone":16,"minecraft:tall_grass":4,"minecraft:deepslate_gold_ore":12,"minecraft:sugar_cane":4,"minecraft:diorite":2,"minecraft:wall_torch":2,"minecraft:seagrass":1,"minecraft:spruce_log":45,"minecraft:grass":4,"minecraft:coal_ore":13,"minecraft:sand":36,"minecraft:dirt":3,"minecraft:small_dripleaf":1,"minecraft:netherrack":22,"minecraft:gold_ore":8,"minecraft:deepslate":100,"minecraft:fern":6},"minecraft:killed_by":{"minecraft:player":5,"minecraft:enderman":2,"minecraft:zombie":8},"minecraft:custom":{"minecraft:mob_kills":88,"minecraft:interact_with_crafting_table":26,"minecraft:bell_ring":19,"minecraft:leave_game":8,"minecraft:time_since_death":16008,"minecraft:climb_one_cm":1196,"minecraft:sprint_one_cm":368228,"minecraft:walk_one_cm":472849,"minecraft:damage_blocked_by_shield":1740,"minecraft:drop":57,"minecraft:talked_to_villager":3,"minecraft:play_time":208095,"minecraft:deaths":19,"minecraft:sneak_time":8928,"minecraft:walk_under_water_one_cm":7425,"minecraft:boat_one_cm":348199,"minecraft:jump":3527,"minecraft:interact_with_blast_furnace":3,"minecraft:walk_on_water_one_cm":40519,"minecraft:total_world_time":208095,"minecraft:interact_with_furnace":60,"minecraft:interact_with_cartography_table":1,"minecraft:sleep_in_bed":1,"minecraft:time_since_rest":417,"minecraft:damage_taken":6710,"minecraft:damage_absorbed":40,"minecraft:damage_dealt":16178,"minecraft:player_kills":4,"minecraft:fly_one_cm":902710,"minecraft:swim_one_cm":10607,"minecraft:open_chest":20,"minecraft:crouch_one_cm":22382,"minecraft:fall_one_cm":85608},"minecraft:picked_up":{"minecraft:wooden_axe":2,"minecraft:seagrass":1,"minecraft:iron_chestplate":6,"minecraft:crafting_table":13,"minecraft:clay_ball":760,"minecraft:wooden_pickaxe":5,"minecraft:gold_block":1,"minecraft:shield":7,"minecraft:string":51,"minecraft:moss_carpet":3,"minecraft:iron_axe":4,"minecraft:wooden_sword":5,"minecraft:flint_and_steel":1,"minecraft:iron_leggings":6,"minecraft:cobbled_deepslate":506,"minecraft:bucket":4,"minecraft:spruce_planks":481,"minecraft:beef":30,"minecraft:poppy":1,"minecraft:wooden_shovel":6,"minecraft:iron_pickaxe":9,"minecraft:sugar_cane":26,"minecraft:iron_boots":4,"minecraft:furnace":14,"minecraft:stick":33,"minecraft:raw_iron":124,"minecraft:oak_fence":20,"minecraft:torch":52,"minecraft:porkchop":14,"minecraft:diorite":2,"minecraft:redstone":378,"minecraft:stone_sword":5,"minecraft:arrow":63,"minecraft:rotten_flesh":84,"minecraft:tropical_fish":3,"minecraft:nether_bricks":2,"minecraft:gold_ingot":34,"minecraft:blaze_rod":1,"minecraft:mutton":1,"minecraft:rail":4,"minecraft:white_wool":1,"minecraft:cobblestone":527,"minecraft:feather":12,"minecraft:water_bucket":1,"minecraft:leather":5,"minecraft:potato":7,"minecraft:flint":7,"minecraft:tuff":62,"minecraft:gunpowder":19,"minecraft:lapis_lazuli":1034,"minecraft:dirt":103,"minecraft:bone":47,"minecraft:wheat_seeds":12,"minecraft:raw_gold":78,"minecraft:iron_ingot":86,"minecraft:stone_pickaxe":7,"minecraft:moss_block":11,"minecraft:oak_planks":22,"minecraft:iron_sword":11,"minecraft:cooked_porkchop":2,"minecraft:pumpkin":33,"minecraft:sand":190,"minecraft:spruce_sapling":11,"minecraft:blast_furnace":2,"minecraft:spruce_log":86,"minecraft:spider_eye":3,"minecraft:sugar":11,"minecraft:slime_ball":55,"minecraft:diamond":6,"minecraft:stone_axe":9,"minecraft:iron_helmet":4,"minecraft:granite":11,"minecraft:bread":14,"minecraft:jack_o_lantern":4,"minecraft:warped_nylium":1,"minecraft:netherrack":40,"minecraft:coal":149,"minecraft:ender_pearl":2}},"DataVersion":3465}