{"stats":{"minecraft:crafted":{"minecraft:wooden_sword":1,"minecraft:furnace":3,"minecraft:iron_boots":1,"minecraft:iron_axe":1,"minecraft:stone_pickaxe":3,"minecraft:wooden_shovel":1,"minecraft:crafting_table":5,"minecraft:spruce_planks":134,"minecraft:wooden_pickaxe":1,"minecraft:iron_helmet":1,"minecraft:iron_sword":2,"minecraft:bucket":1,"minecraft:stone_axe":1,"minecraft:air":0,"minecraft:iron_chestplate":1,"minecraft:stick":36,"minecraft:iron_ingot":69,"minecraft:iron_pickaxe":4,"minecraft:wooden_axe":2,"minecraft:stone_sword":1,"minecraft:iron_leggings":1,"minecraft:iron_shovel":1,"minecraft:gold_ingot":4},"minecraft:used":{"minecraft:moss_block":1,"minecraft:stone_sword":4,"minecraft:iron_shovel":36,"minecraft:tropical_fish":3,"minecraft:shield":10,"minecraft:iron_sword":149,"minecraft:wooden_shovel":20,"minecraft:iron_chestplate":1,"minecraft:torch":4,"minecraft:dirt":1,"minecraft:tuff":1,"minecraft:wooden_axe":36,"minecraft:iron_axe":9,"minecraft:iron_helmet":1,"minecraft:iron_boots":1,"minecraft:furnace":7,"minecraft:cobbled_deepslate":74,"minecraft:iron_leggings":1,"minecraft:diorite":2,"minecraft:stone_pickaxe":212,"minecraft:ender_pearl":1,"minecraft:wooden_pickaxe":5,"minecraft:crafting_table":10,"minecraft:spruce_log":6,"minecraft:bread":3,"minecraft:iron_pickaxe":266,"minecraft:stone_axe":10,"minecraft:cobblestone":101},"minecraft:dropped":{"minecraft:iron_ingot":17,"minecraft:iron_sword":3,"minecraft:moss_block":7,"minecraft:wheat_seeds":8,"minecraft:cobblestone":53,"minecraft:granite":4,"minecraft:rail":1,"minecraft:coal":13,"minecraft:wooden_sword":1,"minecraft:iron_pickaxe":2,"minecraft:gold_ingot":6,"minecraft:moss_carpet":3,"minecraft:stone_sword":1,"minecraft:tuff":31,"minecraft:rotten_flesh":21,"minecraft:clay_ball":64,"minecraft:spruce_planks":32,"minecraft:wooden_shovel":2,"minecraft:spider_eye":2,"minecraft:stone_pickaxe":4,"minecraft:wooden_pickaxe":1,"minecraft:raw_gold":8},"minecraft:killed":{"minecraft:witch":1,"minecraft:spider":4,"minecraft:slime":5,"minecraft:skeleton":8,"minecraft:drowned":1,"minecraft:turtle":1,"minecraft:tropical_fish":2,"minecraft:zombie_villager":1,"minecraft:creeper":2,"minecraft:sheep":1,"minecraft:zombie":20,"minecraft:enderman":1},"minecraft:broken":{"minecraft:stone_pickaxe":1,"minecraft:iron_pickaxe":1},"minecraft:mined":{"minecraft:tuff":27,"minecraft:spruce_planks":3,"minecraft:deepslate_diamond_ore":1,"minecraft:cave_vines_plant":1,"minecraft:spruce_leaves":6,"minecraft:moss_block":5,"minecraft:furnace":5,"minecraft:iron_ore":18,"minecraft:cobbled_deepslate":4,"minecraft:moss_carpet":1,"minecraft:deepslate_lapis_ore":19,"minecraft:cave_vines":1,"minecraft:deepslate_iron_ore":59,"minecraft:azalea":1,"minecraft:stone":172,"minecraft:podzol":2,"minecraft:deepslate_redstone_ore":13,"minecraft:flowering_azalea":1,"minecraft:crafting_table":6,"minecraft:clay":25,"minecraft:torch":4,"minecraft:cobblestone":14,"minecraft:tall_grass":4,"minecraft:deepslate_gold_ore":12,"minecraft:diorite":2,"minecraft:wall_torch":1,"minecraft:spruce_log":45,"minecraft:grass":3,"minecraft:coal_ore":13,"minecraft:sand":36,"minecraft:dirt":3,"minecraft:small_dripleaf":1,"minecraft:gold_ore":8,"minecraft:deepslate":100,"minecraft:fern":5},"minecraft:killed_by":{"minecraft:player":3,"minecraft:enderman":1,"minecraft:zombie":7},"minecraft:custom":{"minecraft:mob_kills":48,"minecraft:interact_with_crafting_table":19,"minecraft:leave_game":3,"minecraft:time_since_death":25425,"minecraft:climb_one_cm":650,"minecraft:sprint_one_cm":204535,"minecraft:walk_one_cm":311377,"minecraft:damage_blocked_by_shield":240,"minecraft:drop":36,"minecraft:sneak_time":5195,"minecraft:play_time":122133,"minecraft:deaths":15,"minecraft:walk_under_water_one_cm":4013,"minecraft:jump":1653,"minecraft:interact_with_blast_furnace":1,"minecraft:walk_on_water_one_cm":36469,"minecraft:total_world_time":122133,"minecraft:interact_with_furnace":36,"minecraft:time_since_rest":25467,"minecraft:damage_taken":3985,"minecraft:damage_dealt":9108,"minecraft:player_kills":3,"minecraft:fly_one_cm":239260,"minecraft:swim_one_cm":5964,"minecraft:open_chest":3,"minecraft:crouch_one_cm":14554,"minecraft:fall_one_cm":32827},"minecraft:picked_up":{"minecraft:wooden_axe":2,"minecraft:seagrass":1,"minecraft:crafting_table":9,"minecraft:iron_chestplate":2,"minecraft:clay_ball":568,"minecraft:wooden_pickaxe":5,"minecraft:shield":3,"minecraft:string":11,"minecraft:moss_carpet":3,"minecraft:wooden_sword":5,"minecraft:iron_leggings":2,"minecraft:cobbled_deepslate":407,"minecraft:spruce_planks":363,"minecraft:wooden_shovel":6,"minecraft:iron_pickaxe":5,"minecraft:furnace":7,"minecraft:raw_iron":124,"minecraft:stick":9,"minecraft:oak_fence":8,"minecraft:torch":25,"minecraft:diorite":2,"minecraft:redstone":150,"minecraft:stone_sword":5,"minecraft:arrow":17,"minecraft:rotten_flesh":81,"minecraft:tropical_fish":3,"minecraft:gold_ingot":15,"minecraft:rail":4,"minecraft:cobblestone":519,"minecraft:tuff":62,"minecraft:gunpowder":7,"minecraft:lapis_lazuli":526,"minecraft:dirt":6,"minecraft:bone":10,"minecraft:wheat_seeds":12,"minecraft:raw_gold":78,"minecraft:iron_ingot":28,"minecraft:stone_pickaxe":7,"minecraft:moss_block":11,"minecraft:iron_sword":7,"minecraft:oak_planks":22,"minecraft:sand":36,"minecraft:spruce_sapling":9,"minecraft:spruce_log":45,"minecraft:spider_eye":3,"minecraft:slime_ball":11,"minecraft:diamond":2,"minecraft:stone_axe":5,"minecraft:granite":11,"minecraft:bread":4,"minecraft:coal":56,"minecraft:ender_pearl":1}},"DataVersion":3465}