{"stats":{"minecraft:used":{"minecraft:diorite":2,"minecraft:stone_sword":4,"minecraft:tropical_fish":3,"minecraft:stone_pickaxe":186,"minecraft:ender_pearl":1,"minecraft:wooden_pickaxe":5,"minecraft:iron_sword":29,"minecraft:wooden_shovel":19,"minecraft:torch":2,"minecraft:dirt":1,"minecraft:crafting_table":6,"minecraft:spruce_log":6,"minecraft:wooden_axe":36,"minecraft:iron_pickaxe":90,"minecraft:stone_axe":3,"minecraft:cobblestone":41,"minecraft:furnace":5,"minecraft:cobbled_deepslate":11},"minecraft:mined":{"minecraft:podzol":2,"minecraft:deepslate_redstone_ore":4,"minecraft:tuff":2,"minecraft:spruce_planks":1,"minecraft:crafting_table":3,"minecraft:clay":22,"minecraft:torch":2,"minecraft:tall_grass":1,"minecraft:spruce_leaves":3,"minecraft:deepslate_gold_ore":9,"minecraft:moss_block":1,"minecraft:diorite":2,"minecraft:wall_torch":1,"minecraft:furnace":4,"minecraft:iron_ore":18,"minecraft:spruce_log":40,"minecraft:deepslate_lapis_ore":7,"minecraft:grass":1,"minecraft:coal_ore":5,"minecraft:deepslate_iron_ore":4,"minecraft:dirt":3,"minecraft:stone":168,"minecraft:small_dripleaf":1,"minecraft:gold_ore":8,"minecraft:deepslate":42,"minecraft:fern":5},"minecraft:broken":{"minecraft:stone_pickaxe":1},"minecraft:killed":{"minecraft:spider":1,"minecraft:creeper":1,"minecraft:zombie":6,"minecraft:drowned":1,"minecraft:turtle":1,"minecraft:tropical_fish":2,"minecraft:enderman":1},"minecraft:killed_by":{"minecraft:player":2,"minecraft:zombie":6,"minecraft:enderman":1},"minecraft:picked_up":{"minecraft:wooden_axe":2,"minecraft:seagrass":1,"minecraft:crafting_table":5,"minecraft:clay_ball":296,"minecraft:wooden_pickaxe":2,"minecraft:tuff":6,"minecraft:gunpowder":2,"minecraft:lapis_lazuli":68,"minecraft:dirt":6,"minecraft:string":4,"minecraft:wooden_sword":2,"minecraft:wheat_seeds":4,"minecraft:cobbled_deepslate":77,"minecraft:raw_gold":43,"minecraft:spruce_planks":247,"minecraft:iron_ingot":14,"minecraft:stone_pickaxe":2,"minecraft:wooden_shovel":2,"minecraft:iron_pickaxe":2,"minecraft:moss_block":2,"minecraft:iron_sword":2,"minecraft:furnace":5,"minecraft:stick":2,"minecraft:raw_iron":30,"minecraft:torch":8,"minecraft:spruce_sapling":9,"minecraft:diorite":2,"minecraft:spruce_log":40,"minecraft:redstone":28,"minecraft:stone_sword":2,"minecraft:arrow":4,"minecraft:rotten_flesh":20,"minecraft:tropical_fish":3,"minecraft:stone_axe":2,"minecraft:granite":3,"minecraft:gold_ingot":8,"minecraft:coal":12,"minecraft:rail":3,"minecraft:cobblestone":380,"minecraft:ender_pearl":1},"minecraft:crafted":{"minecraft:wooden_sword":1,"minecraft:wooden_shovel":1,"minecraft:crafting_table":4,"minecraft:spruce_planks":134,"minecraft:wooden_pickaxe":1,"minecraft:iron_sword":1,"minecraft:furnace":2,"minecraft:stone_axe":1,"minecraft:air":0,"minecraft:stick":24,"minecraft:iron_ingot":18,"minecraft:iron_pickaxe":2,"minecraft:stone_pickaxe":2,"minecraft:wooden_axe":2,"minecraft:stone_sword":1,"minecraft:gold_ingot":4},"minecraft:custom":{"minecraft:interact_with_furnace":9,"minecraft:mob_kills":14,"minecraft:interact_with_crafting_table":8,"minecraft:leave_game":1,"minecraft:time_since_death":357,"minecraft:climb_one_cm":230,"minecraft:time_since_rest":387,"minecraft:sprint_one_cm":94391,"minecraft:damage_taken":2555,"minecraft:walk_one_cm":97949,"minecraft:drop":1,"minecraft:damage_dealt":3076,"minecraft:swim_one_cm":4332,"minecraft:fly_one_cm":79444,"minecraft:player_kills":1,"minecraft:crouch_one_cm":4475,"minecraft:play_time":58492,"minecraft:deaths":10,"minecraft:sneak_time":1600,"minecraft:walk_under_water_one_cm":3067,"minecraft:jump":772,"minecraft:walk_on_water_one_cm":23350,"minecraft:total_world_time":58492,"minecraft:fall_one_cm":16630},"minecraft:dropped":{"minecraft:iron_pickaxe":1}},"DataVersion":3465}