{"stats":{"minecraft:used":{"minecraft:wooden_axe":35,"minecraft:ender_pearl":1,"minecraft:dirt":1,"minecraft:crafting_table":1,"minecraft:spruce_log":6},"minecraft:mined":{"minecraft:podzol":2,"minecraft:spruce_log":40,"minecraft:grass":1,"minecraft:dirt":3,"minecraft:spruce_leaves":3,"minecraft:fern":5},"minecraft:killed":{"minecraft:zombie":1,"minecraft:spider":1,"minecraft:turtle":1,"minecraft:enderman":1},"minecraft:killed_by":{"minecraft:player":2,"minecraft:zombie":3,"minecraft:enderman":1},"minecraft:picked_up":{"minecraft:seagrass":1,"minecraft:spruce_sapling":9,"minecraft:spruce_log":40,"minecraft:string":4,"minecraft:dirt":6,"minecraft:arrow":4,"minecraft:rotten_flesh":8,"minecraft:wheat_seeds":1,"minecraft:ender_pearl":1},"minecraft:crafted":{"minecraft:crafting_table":1,"minecraft:spruce_planks":134,"minecraft:stick":4,"minecraft:wooden_axe":1},"minecraft:custom":{"minecraft:time_since_rest":12089,"minecraft:sprint_one_cm":38115,"minecraft:damage_taken":1945,"minecraft:walk_one_cm":29186,"minecraft:mob_kills":5,"minecraft:damage_dealt":1292,"minecraft:player_kills":1,"minecraft:swim_one_cm":2296,"minecraft:interact_with_crafting_table":1,"minecraft:fly_one_cm":58836,"minecraft:crouch_one_cm":818,"minecraft:play_time":28492,"minecraft:deaths":7,"minecraft:sneak_time":194,"minecraft:walk_under_water_one_cm":1053,"minecraft:jump":368,"minecraft:leave_game":1,"minecraft:time_since_death":12057,"minecraft:walk_on_water_one_cm":15184,"minecraft:total_world_time":28492,"minecraft:fall_one_cm":8337}},"DataVersion":3465}