{"stats":{"minecraft:picked_up":{"minecraft:birch_log":3,"minecraft:stick":2,"mokey:mokey_spawn_egg":3,"minecraft:birch_sapling":1},"minecraft:dropped":{"mokey:mokey_spawn_egg":3},"minecraft:mined":{"minecraft:birch_log":3,"minecraft:birch_leaves":9,"minecraft:oak_leaves":1},"minecraft:custom":{"minecraft:time_since_rest":10708,"minecraft:crouch_one_cm":3796,"minecraft:play_time":102701,"lootr:looted_stat":1,"minecraft:sprint_one_cm":75773,"minecraft:damage_taken":2145,"minecraft:deaths":6,"minecraft:walk_one_cm":65118,"minecraft:sneak_time":1566,"minecraft:walk_under_water_one_cm":1591,"minecraft:drop":3,"minecraft:jump":538,"minecraft:damage_dealt":83,"minecraft:leave_game":9,"minecraft:time_since_death":10607,"minecraft:walk_on_water_one_cm":4533,"minecraft:total_world_time":102701,"minecraft:swim_one_cm":10448,"minecraft:fall_one_cm":10733,"minecraft:fly_one_cm":197783},"minecraft:used":{"shy_guy:shy_guy_spawn_egg":2,"cartoon_dog:cartoon_dog_spawn_egg":1,"minecraft:sand":5,"mokey:mokey_spawn_egg":2,"minecraft:grass_block":7},"minecraft:killed_by":{"spore:inf_pillager":1,"mimic_dweller:mimic_dweller":1,"shy_guy:shy_guy_rage":1}},"DataVersion":3120}