{"stats":{"minecraft:picked_up":{"mokey:mokey_spawn_egg":3},"minecraft:killed_by":{"mimic_dweller:mimic_dweller":1,"shy_guy:shy_guy_rage":1},"minecraft:custom":{"minecraft:time_since_rest":46341,"minecraft:crouch_one_cm":1117,"minecraft:play_time":76282,"lootr:looted_stat":1,"minecraft:sprint_one_cm":43172,"minecraft:walk_one_cm":46807,"minecraft:damage_taken":920,"minecraft:deaths":3,"minecraft:sneak_time":606,"minecraft:walk_under_water_one_cm":1105,"minecraft:drop":3,"minecraft:jump":256,"minecraft:damage_dealt":74,"minecraft:leave_game":1,"minecraft:walk_on_water_one_cm":3127,"minecraft:time_since_death":0,"minecraft:total_world_time":76282,"minecraft:swim_one_cm":5934,"minecraft:fall_one_cm":1968,"minecraft:fly_one_cm":148325},"minecraft:used":{"shy_guy:shy_guy_spawn_egg":2,"cartoon_dog:cartoon_dog_spawn_egg":1,"minecraft:sand":5,"mokey:mokey_spawn_egg":2,"minecraft:grass_block":7},"minecraft:dropped":{"mokey:mokey_spawn_egg":3}},"DataVersion":3120}