{"stats":{"minecraft:picked_up":{"mokey:mokey_spawn_egg":3},"minecraft:killed_by":{"mimic_dweller:mimic_dweller":1},"minecraft:custom":{"minecraft:jump":174,"minecraft:time_since_rest":10106,"minecraft:damage_dealt":68,"lootr:looted_stat":1,"minecraft:crouch_one_cm":323,"minecraft:deaths":1,"minecraft:sprint_one_cm":27870,"minecraft:leave_game":1,"minecraft:play_time":16282,"minecraft:damage_taken":240,"minecraft:time_since_death":10054,"minecraft:walk_one_cm":29383,"minecraft:sneak_time":327,"minecraft:total_world_time":16282,"minecraft:drop":3,"minecraft:fall_one_cm":1281,"minecraft:fly_one_cm":135274},"minecraft:used":{"cartoon_dog:cartoon_dog_spawn_egg":1,"shy_guy:shy_guy_spawn_egg":1,"mokey:mokey_spawn_egg":2},"minecraft:dropped":{"mokey:mokey_spawn_egg":3}},"DataVersion":3120}