{"stats":{"minecraft:used":{"minecraft:ender_pearl":1,"minecraft:spruce_log":5},"minecraft:killed_by":{"minecraft:zombie":3,"minecraft:player":2,"minecraft:enderman":1},"minecraft:killed":{"minecraft:spider":1,"minecraft:turtle":1,"minecraft:enderman":1},"minecraft:custom":{"minecraft:time_since_rest":89,"minecraft:crouch_one_cm":345,"minecraft:play_time":16492,"minecraft:sprint_one_cm":17839,"minecraft:walk_one_cm":14491,"minecraft:damage_taken":1810,"minecraft:deaths":7,"minecraft:sneak_time":71,"minecraft:walk_under_water_one_cm":1053,"minecraft:mob_kills":4,"minecraft:jump":199,"minecraft:damage_dealt":1092,"minecraft:leave_game":1,"minecraft:time_since_death":57,"minecraft:walk_on_water_one_cm":14585,"minecraft:total_world_time":16492,"minecraft:swim_one_cm":2296,"minecraft:fly_one_cm":27275,"minecraft:fall_one_cm":3314,"minecraft:player_kills":1},"minecraft:mined":{"minecraft:grass":1,"minecraft:spruce_log":4,"minecraft:fern":3},"minecraft:picked_up":{"minecraft:seagrass":1,"minecraft:arrow":4,"minecraft:rotten_flesh":7,"minecraft:spruce_log":5,"minecraft:string":4,"minecraft:ender_pearl":1}},"DataVersion":3465}