{"stats":{"minecraft:crafted":{"minecraft:wooden_sword":1,"minecraft:furnace":3,"minecraft:cooked_mutton":1,"minecraft:iron_boots":1,"minecraft:iron_axe":1,"minecraft:stone_pickaxe":3,"minecraft:wooden_shovel":1,"minecraft:cooked_porkchop":2,"minecraft:crafting_table":5,"minecraft:spruce_planks":134,"minecraft:wooden_pickaxe":1,"minecraft:iron_helmet":1,"minecraft:iron_sword":2,"minecraft:bucket":1,"minecraft:stone_axe":1,"minecraft:air":0,"minecraft:iron_chestplate":1,"minecraft:stick":36,"minecraft:iron_ingot":77,"minecraft:iron_pickaxe":4,"minecraft:wooden_axe":2,"minecraft:stone_sword":1,"minecraft:iron_leggings":1,"minecraft:iron_shovel":1,"minecraft:gold_ingot":4},"minecraft:used":{"minecraft:moss_block":1,"minecraft:stone_sword":4,"minecraft:iron_shovel":39,"minecraft:tropical_fish":3,"minecraft:poppy":1,"minecraft:shield":13,"minecraft:iron_sword":199,"minecraft:wooden_shovel":20,"minecraft:iron_chestplate":1,"minecraft:torch":8,"minecraft:dirt":2,"minecraft:tuff":1,"minecraft:wooden_axe":36,"minecraft:iron_axe":10,"minecraft:iron_helmet":1,"minecraft:iron_boots":1,"minecraft:furnace":7,"minecraft:cobbled_deepslate":93,"minecraft:iron_leggings":1,"minecraft:cooked_mutton":1,"minecraft:diorite":2,"minecraft:stone_pickaxe":212,"minecraft:ender_pearl":1,"minecraft:wooden_pickaxe":5,"minecraft:crafting_table":10,"minecraft:spruce_log":6,"minecraft:bread":8,"minecraft:iron_pickaxe":267,"minecraft:stone_axe":10,"minecraft:cobblestone":101,"minecraft:cooked_porkchop":2},"minecraft:dropped":{"minecraft:iron_ingot":17,"minecraft:iron_sword":3,"minecraft:moss_block":7,"minecraft:wheat_seeds":8,"minecraft:cobblestone":53,"minecraft:granite":4,"minecraft:rail":1,"minecraft:coal":13,"minecraft:jack_o_lantern":1,"minecraft:wooden_sword":1,"minecraft:iron_pickaxe":2,"minecraft:white_wool":1,"minecraft:gold_ingot":6,"minecraft:moss_carpet":3,"minecraft:stone_sword":1,"minecraft:tuff":31,"minecraft:rotten_flesh":23,"minecraft:clay_ball":64,"minecraft:spruce_planks":32,"minecraft:wooden_shovel":2,"minecraft:spider_eye":2,"minecraft:wooden_pickaxe":1,"minecraft:stone_pickaxe":4,"minecraft:raw_gold":8},"minecraft:killed":{"minecraft:witch":1,"minecraft:spider":4,"minecraft:slime":5,"minecraft:skeleton":9,"minecraft:drowned":1,"minecraft:turtle":1,"minecraft:tropical_fish":2,"minecraft:pig":1,"minecraft:zombie_villager":2,"minecraft:creeper":2,"minecraft:sheep":2,"minecraft:zombie":26,"minecraft:enderman":1},"minecraft:broken":{"minecraft:stone_pickaxe":1,"minecraft:iron_pickaxe":1},"minecraft:mined":{"minecraft:tuff":27,"minecraft:spruce_planks":3,"minecraft:deepslate_diamond_ore":1,"minecraft:cave_vines_plant":1,"minecraft:grass_block":4,"minecraft:spruce_leaves":7,"minecraft:moss_block":5,"minecraft:furnace":5,"minecraft:iron_ore":18,"minecraft:cobbled_deepslate":5,"minecraft:moss_carpet":1,"minecraft:deepslate_lapis_ore":19,"minecraft:cave_vines":1,"minecraft:deepslate_iron_ore":59,"minecraft:azalea":1,"minecraft:stone":172,"minecraft:podzol":2,"minecraft:deepslate_redstone_ore":13,"minecraft:flowering_azalea":1,"minecraft:crafting_table":6,"minecraft:clay":25,"minecraft:torch":8,"minecraft:poppy":1,"minecraft:cobblestone":14,"minecraft:tall_grass":4,"minecraft:deepslate_gold_ore":12,"minecraft:diorite":2,"minecraft:wall_torch":2,"minecraft:spruce_log":45,"minecraft:grass":3,"minecraft:coal_ore":13,"minecraft:sand":36,"minecraft:dirt":3,"minecraft:small_dripleaf":1,"minecraft:gold_ore":8,"minecraft:deepslate":100,"minecraft:fern":6},"minecraft:killed_by":{"minecraft:player":4,"minecraft:enderman":1,"minecraft:zombie":8},"minecraft:custom":{"minecraft:mob_kills":58,"minecraft:interact_with_crafting_table":20,"minecraft:bell_ring":19,"minecraft:leave_game":7,"minecraft:time_since_death":4439,"minecraft:climb_one_cm":650,"minecraft:sprint_one_cm":272331,"minecraft:walk_one_cm":382794,"minecraft:damage_blocked_by_shield":285,"minecraft:drop":40,"minecraft:talked_to_villager":3,"minecraft:play_time":159666,"minecraft:deaths":17,"minecraft:sneak_time":6614,"minecraft:walk_under_water_one_cm":4433,"minecraft:jump":2480,"minecraft:interact_with_blast_furnace":3,"minecraft:walk_on_water_one_cm":37532,"minecraft:total_world_time":159666,"minecraft:interact_with_furnace":48,"minecraft:time_since_rest":4484,"minecraft:damage_taken":5013,"minecraft:damage_dealt":11324,"minecraft:player_kills":4,"minecraft:fly_one_cm":695380,"minecraft:swim_one_cm":7311,"minecraft:open_chest":8,"minecraft:crouch_one_cm":16218,"minecraft:fall_one_cm":57772},"minecraft:picked_up":{"minecraft:wooden_axe":2,"minecraft:seagrass":1,"minecraft:iron_chestplate":4,"minecraft:crafting_table":11,"minecraft:clay_ball":696,"minecraft:wooden_pickaxe":5,"minecraft:shield":5,"minecraft:string":31,"minecraft:moss_carpet":3,"minecraft:iron_axe":2,"minecraft:wooden_sword":5,"minecraft:iron_leggings":4,"minecraft:cobbled_deepslate":456,"minecraft:bucket":2,"minecraft:spruce_planks":423,"minecraft:poppy":1,"minecraft:wooden_shovel":6,"minecraft:iron_pickaxe":7,"minecraft:iron_boots":2,"minecraft:furnace":9,"minecraft:stick":21,"minecraft:raw_iron":124,"minecraft:oak_fence":16,"minecraft:torch":40,"minecraft:porkchop":2,"minecraft:diorite":2,"minecraft:redstone":264,"minecraft:stone_sword":5,"minecraft:arrow":37,"minecraft:rotten_flesh":84,"minecraft:tropical_fish":3,"minecraft:gold_ingot":17,"minecraft:mutton":1,"minecraft:rail":4,"minecraft:white_wool":1,"minecraft:cobblestone":527,"minecraft:feather":6,"minecraft:potato":7,"minecraft:flint":2,"minecraft:tuff":62,"minecraft:gunpowder":13,"minecraft:lapis_lazuli":780,"minecraft:dirt":66,"minecraft:bone":26,"minecraft:wheat_seeds":12,"minecraft:raw_gold":78,"minecraft:iron_ingot":56,"minecraft:stone_pickaxe":7,"minecraft:moss_block":11,"minecraft:oak_planks":22,"minecraft:iron_sword":9,"minecraft:pumpkin":1,"minecraft:sand":108,"minecraft:spruce_sapling":9,"minecraft:spruce_log":62,"minecraft:spider_eye":3,"minecraft:slime_ball":33,"minecraft:diamond":4,"minecraft:stone_axe":7,"minecraft:iron_helmet":2,"minecraft:granite":11,"minecraft:bread":12,"minecraft:jack_o_lantern":1,"minecraft:coal":102,"minecraft:ender_pearl":1}},"DataVersion":3465}