{"stats":{"minecraft:picked_up":{"minecraft:birch_log":3,"minecraft:stick":2,"mokey:mokey_spawn_egg":3,"minecraft:birch_sapling":1},"minecraft:killed_by":{"mimic_dweller:mimic_dweller":1,"shy_guy:shy_guy_rage":1},"minecraft:custom":{"minecraft:time_since_rest":58469,"minecraft:crouch_one_cm":2736,"minecraft:sprint_one_cm":50987,"lootr:looted_stat":1,"minecraft:play_time":88410,"minecraft:deaths":3,"minecraft:damage_taken":1045,"minecraft:walk_one_cm":50818,"minecraft:sneak_time":1099,"minecraft:walk_under_water_one_cm":1105,"minecraft:drop":3,"minecraft:jump":314,"minecraft:damage_dealt":74,"minecraft:leave_game":3,"minecraft:walk_on_water_one_cm":3377,"minecraft:time_since_death":2538,"minecraft:total_world_time":88410,"minecraft:swim_one_cm":5934,"minecraft:fall_one_cm":2177,"minecraft:fly_one_cm":155396},"minecraft:used":{"shy_guy:shy_guy_spawn_egg":2,"cartoon_dog:cartoon_dog_spawn_egg":1,"minecraft:sand":5,"mokey:mokey_spawn_egg":2,"minecraft:grass_block":7},"minecraft:dropped":{"mokey:mokey_spawn_egg":3},"minecraft:mined":{"minecraft:birch_log":3,"minecraft:birch_leaves":9,"minecraft:oak_leaves":1}},"DataVersion":3120}