{"stats":{"minecraft:crafted":{"minecraft:wooden_sword":1,"minecraft:furnace":3,"minecraft:cooked_mutton":1,"minecraft:iron_boots":1,"minecraft:iron_axe":1,"minecraft:stone_pickaxe":3,"minecraft:spruce_boat":1,"minecraft:sugar":11,"minecraft:wooden_shovel":1,"minecraft:cooked_porkchop":2,"minecraft:crafting_table":5,"minecraft:spruce_planks":134,"minecraft:wooden_pickaxe":1,"minecraft:iron_helmet":1,"minecraft:iron_sword":2,"minecraft:bucket":2,"minecraft:stone_axe":1,"minecraft:air":0,"minecraft:iron_chestplate":1,"minecraft:stick":36,"minecraft:iron_ingot":77,"minecraft:iron_pickaxe":4,"minecraft:wooden_axe":2,"minecraft:stone_sword":1,"minecraft:iron_leggings":1,"minecraft:iron_shovel":1,"minecraft:gold_ingot":4},"minecraft:used":{"minecraft:moss_block":1,"minecraft:jack_o_lantern":1,"minecraft:stone_sword":4,"minecraft:iron_shovel":39,"minecraft:tropical_fish":3,"minecraft:poppy":1,"minecraft:shield":15,"minecraft:iron_sword":221,"minecraft:wooden_shovel":20,"minecraft:iron_chestplate":1,"minecraft:torch":8,"minecraft:dirt":2,"minecraft:tuff":1,"minecraft:spruce_boat":1,"minecraft:wooden_axe":36,"minecraft:lava_bucket":2,"minecraft:iron_axe":26,"minecraft:iron_helmet":1,"minecraft:iron_boots":1,"minecraft:furnace":7,"minecraft:cobbled_deepslate":94,"minecraft:iron_leggings":1,"minecraft:cooked_mutton":1,"minecraft:water_bucket":2,"minecraft:diorite":2,"minecraft:stone_pickaxe":212,"minecraft:ender_pearl":1,"minecraft:wooden_pickaxe":5,"minecraft:sugar_cane":3,"minecraft:crafting_table":12,"minecraft:spruce_log":6,"minecraft:bread":16,"minecraft:iron_pickaxe":269,"minecraft:stone_axe":10,"minecraft:cobblestone":101,"minecraft:cooked_porkchop":2,"minecraft:bucket":5},"minecraft:dropped":{"minecraft:iron_ingot":17,"minecraft:iron_sword":3,"minecraft:moss_block":7,"minecraft:wheat_seeds":8,"minecraft:oak_fence":4,"minecraft:cobblestone":53,"minecraft:granite":4,"minecraft:rail":1,"minecraft:coal":13,"minecraft:jack_o_lantern":2,"minecraft:wooden_sword":1,"minecraft:iron_pickaxe":2,"minecraft:white_wool":1,"minecraft:spruce_sapling":1,"minecraft:gold_ingot":6,"minecraft:furnace":1,"minecraft:moss_carpet":3,"minecraft:stone_sword":1,"minecraft:cobbled_deepslate":18,"minecraft:tuff":31,"minecraft:rotten_flesh":23,"minecraft:clay_ball":64,"minecraft:spruce_planks":32,"minecraft:wooden_shovel":2,"minecraft:spider_eye":2,"minecraft:wooden_pickaxe":1,"minecraft:stone_pickaxe":4,"minecraft:raw_gold":8},"minecraft:killed":{"minecraft:witch":1,"minecraft:spider":4,"minecraft:slime":5,"minecraft:skeleton":9,"minecraft:drowned":1,"minecraft:turtle":1,"minecraft:tropical_fish":2,"minecraft:pig":3,"minecraft:zombie_villager":2,"minecraft:creeper":2,"minecraft:sheep":2,"minecraft:zombie":28,"minecraft:villager":1,"minecraft:cow":4,"minecraft:enderman":1},"minecraft:broken":{"minecraft:stone_pickaxe":1,"minecraft:iron_pickaxe":1},"minecraft:mined":{"minecraft:tuff":27,"minecraft:spruce_planks":4,"minecraft:deepslate_diamond_ore":1,"minecraft:jack_o_lantern":1,"minecraft:cave_vines_plant":1,"minecraft:grass_block":6,"minecraft:spruce_leaves":8,"minecraft:moss_block":5,"minecraft:large_fern":1,"minecraft:furnace":5,"minecraft:iron_ore":18,"minecraft:cobbled_deepslate":5,"minecraft:pumpkin":8,"minecraft:moss_carpet":1,"minecraft:fletching_table":1,"minecraft:deepslate_lapis_ore":19,"minecraft:cave_vines":1,"minecraft:deepslate_iron_ore":59,"minecraft:azalea":1,"minecraft:stone":172,"minecraft:podzol":2,"minecraft:deepslate_redstone_ore":13,"minecraft:flowering_azalea":1,"minecraft:crafting_table":7,"minecraft:clay":25,"minecraft:torch":8,"minecraft:poppy":1,"minecraft:cobblestone":16,"minecraft:tall_grass":4,"minecraft:deepslate_gold_ore":12,"minecraft:sugar_cane":4,"minecraft:diorite":2,"minecraft:wall_torch":2,"minecraft:seagrass":1,"minecraft:spruce_log":45,"minecraft:grass":3,"minecraft:coal_ore":13,"minecraft:sand":36,"minecraft:dirt":3,"minecraft:small_dripleaf":1,"minecraft:gold_ore":8,"minecraft:deepslate":100,"minecraft:fern":6},"minecraft:killed_by":{"minecraft:player":5,"minecraft:enderman":1,"minecraft:zombie":8},"minecraft:custom":{"minecraft:mob_kills":67,"minecraft:interact_with_crafting_table":24,"minecraft:bell_ring":19,"minecraft:leave_game":7,"minecraft:time_since_death":18494,"minecraft:climb_one_cm":699,"minecraft:sprint_one_cm":297207,"minecraft:walk_one_cm":416057,"minecraft:damage_blocked_by_shield":480,"minecraft:drop":45,"minecraft:talked_to_villager":3,"minecraft:play_time":183666,"minecraft:deaths":18,"minecraft:sneak_time":6770,"minecraft:walk_under_water_one_cm":7425,"minecraft:boat_one_cm":311929,"minecraft:jump":2823,"minecraft:interact_with_blast_furnace":3,"minecraft:walk_on_water_one_cm":40168,"minecraft:total_world_time":183666,"minecraft:interact_with_furnace":49,"minecraft:interact_with_cartography_table":1,"minecraft:time_since_rest":18532,"minecraft:damage_taken":5588,"minecraft:damage_dealt":12426,"minecraft:player_kills":4,"minecraft:fly_one_cm":741285,"minecraft:swim_one_cm":10607,"minecraft:open_chest":12,"minecraft:crouch_one_cm":16822,"minecraft:fall_one_cm":69560},"minecraft:picked_up":{"minecraft:wooden_axe":2,"minecraft:seagrass":1,"minecraft:iron_chestplate":5,"minecraft:crafting_table":13,"minecraft:clay_ball":760,"minecraft:wooden_pickaxe":5,"minecraft:shield":6,"minecraft:string":41,"minecraft:moss_carpet":3,"minecraft:iron_axe":3,"minecraft:wooden_sword":5,"minecraft:iron_leggings":5,"minecraft:cobbled_deepslate":492,"minecraft:bucket":3,"minecraft:spruce_planks":455,"minecraft:beef":7,"minecraft:poppy":1,"minecraft:wooden_shovel":6,"minecraft:iron_pickaxe":8,"minecraft:sugar_cane":20,"minecraft:iron_boots":3,"minecraft:furnace":12,"minecraft:stick":27,"minecraft:raw_iron":124,"minecraft:oak_fence":20,"minecraft:torch":46,"minecraft:porkchop":8,"minecraft:diorite":2,"minecraft:redstone":321,"minecraft:stone_sword":5,"minecraft:arrow":47,"minecraft:rotten_flesh":84,"minecraft:tropical_fish":3,"minecraft:gold_ingot":17,"minecraft:mutton":1,"minecraft:rail":4,"minecraft:white_wool":1,"minecraft:cobblestone":527,"minecraft:feather":9,"minecraft:leather":3,"minecraft:potato":7,"minecraft:flint":3,"minecraft:tuff":62,"minecraft:gunpowder":16,"minecraft:lapis_lazuli":907,"minecraft:dirt":102,"minecraft:bone":34,"minecraft:wheat_seeds":12,"minecraft:raw_gold":78,"minecraft:iron_ingot":73,"minecraft:stone_pickaxe":7,"minecraft:moss_block":11,"minecraft:oak_planks":22,"minecraft:iron_sword":10,"minecraft:pumpkin":21,"minecraft:sand":149,"minecraft:spruce_sapling":11,"minecraft:blast_furnace":1,"minecraft:spruce_log":74,"minecraft:spider_eye":3,"minecraft:slime_ball":44,"minecraft:diamond":5,"minecraft:stone_axe":8,"minecraft:iron_helmet":3,"minecraft:granite":11,"minecraft:bread":14,"minecraft:jack_o_lantern":4,"minecraft:coal":125,"minecraft:ender_pearl":1}},"DataVersion":3465}