{"stats":{"minecraft:used":{"shy_guy:shy_guy_spawn_egg":2,"cartoon_dog:cartoon_dog_spawn_egg":1,"minecraft:sand":5,"minecraft:cobblestone":16,"mokey:mokey_spawn_egg":2,"minecraft:grass_block":7,"anthropology_items__structures:uranite_pickaxe":17},"minecraft:custom":{"minecraft:time_since_rest":40718,"minecraft:crouch_one_cm":4143,"minecraft:play_time":132711,"lootr:looted_stat":1,"minecraft:sprint_one_cm":118772,"minecraft:damage_taken":2295,"minecraft:deaths":6,"minecraft:walk_one_cm":83743,"minecraft:sneak_time":1932,"minecraft:walk_under_water_one_cm":1809,"minecraft:drop":3,"minecraft:jump":1012,"minecraft:damage_dealt":83,"minecraft:leave_game":11,"minecraft:time_since_death":40617,"minecraft:walk_on_water_one_cm":4970,"minecraft:climb_one_cm":25,"minecraft:total_world_time":132711,"minecraft:swim_one_cm":13274,"minecraft:fall_one_cm":12992,"minecraft:fly_one_cm":405488},"minecraft:dropped":{"mokey:mokey_spawn_egg":3},"minecraft:mined":{"minecraft:birch_log":3,"minecraft:stone":17,"minecraft:birch_leaves":9,"minecraft:oak_leaves":1},"minecraft:killed_by":{"spore:inf_pillager":1,"mimic_dweller:mimic_dweller":1,"shy_guy:shy_guy_rage":1},"minecraft:picked_up":{"minecraft:birch_log":3,"minecraft:stick":2,"mokey:mokey_spawn_egg":3,"minecraft:birch_sapling":1,"minecraft:cobblestone":16}},"DataVersion":3120}