{"stats":{"minecraft:used":{"minecraft:diorite":2,"minecraft:stone_sword":2,"minecraft:tropical_fish":2,"minecraft:stone_pickaxe":186,"minecraft:ender_pearl":1,"minecraft:wooden_pickaxe":5,"minecraft:iron_sword":2,"minecraft:wooden_shovel":19,"minecraft:torch":2,"minecraft:dirt":1,"minecraft:crafting_table":6,"minecraft:spruce_log":6,"minecraft:wooden_axe":36,"minecraft:iron_pickaxe":26,"minecraft:stone_axe":2,"minecraft:cobblestone":26,"minecraft:furnace":4,"minecraft:cobbled_deepslate":11},"minecraft:mined":{"minecraft:podzol":2,"minecraft:crafting_table":3,"minecraft:clay":21,"minecraft:torch":2,"minecraft:spruce_leaves":3,"minecraft:diorite":2,"minecraft:wall_torch":1,"minecraft:furnace":2,"minecraft:iron_ore":18,"minecraft:spruce_log":40,"minecraft:grass":1,"minecraft:coal_ore":5,"minecraft:dirt":3,"minecraft:stone":168,"minecraft:small_dripleaf":1,"minecraft:gold_ore":8,"minecraft:deepslate":11,"minecraft:fern":5},"minecraft:broken":{"minecraft:stone_pickaxe":1},"minecraft:killed":{"minecraft:spider":1,"minecraft:zombie":1,"minecraft:turtle":1,"minecraft:tropical_fish":2,"minecraft:enderman":1},"minecraft:killed_by":{"minecraft:player":2,"minecraft:zombie":4,"minecraft:enderman":1},"minecraft:picked_up":{"minecraft:seagrass":1,"minecraft:crafting_table":3,"minecraft:clay_ball":84,"minecraft:dirt":6,"minecraft:string":4,"minecraft:wheat_seeds":1,"minecraft:cobbled_deepslate":11,"minecraft:raw_gold":8,"minecraft:spruce_planks":143,"minecraft:furnace":2,"minecraft:raw_iron":18,"minecraft:torch":4,"minecraft:spruce_sapling":9,"minecraft:diorite":2,"minecraft:spruce_log":40,"minecraft:arrow":4,"minecraft:rotten_flesh":8,"minecraft:tropical_fish":2,"minecraft:granite":1,"minecraft:coal":5,"minecraft:cobblestone":167,"minecraft:ender_pearl":1},"minecraft:crafted":{"minecraft:wooden_sword":1,"minecraft:wooden_shovel":1,"minecraft:crafting_table":4,"minecraft:spruce_planks":134,"minecraft:wooden_pickaxe":1,"minecraft:iron_sword":1,"minecraft:furnace":2,"minecraft:stone_axe":1,"minecraft:air":0,"minecraft:stick":24,"minecraft:iron_ingot":10,"minecraft:iron_pickaxe":2,"minecraft:stone_pickaxe":2,"minecraft:wooden_axe":2,"minecraft:stone_sword":1,"minecraft:gold_ingot":4},"minecraft:custom":{"minecraft:interact_with_furnace":7,"minecraft:mob_kills":7,"minecraft:interact_with_crafting_table":7,"minecraft:leave_game":1,"minecraft:time_since_death":17231,"minecraft:climb_one_cm":230,"minecraft:time_since_rest":17275,"minecraft:sprint_one_cm":46659,"minecraft:damage_taken":2260,"minecraft:walk_one_cm":64195,"minecraft:drop":1,"minecraft:damage_dealt":1517,"minecraft:swim_one_cm":2296,"minecraft:fly_one_cm":64604,"minecraft:player_kills":1,"minecraft:crouch_one_cm":4092,"minecraft:play_time":46492,"minecraft:deaths":8,"minecraft:sneak_time":1316,"minecraft:walk_under_water_one_cm":2250,"minecraft:jump":600,"minecraft:walk_on_water_one_cm":16533,"minecraft:total_world_time":46492,"minecraft:fall_one_cm":13936},"minecraft:dropped":{"minecraft:iron_pickaxe":1}},"DataVersion":3465}