{"stats":{"minecraft:used":{"minecraft:moss_block":1,"minecraft:diorite":2,"minecraft:stone_sword":4,"minecraft:tropical_fish":3,"minecraft:stone_pickaxe":186,"minecraft:ender_pearl":1,"minecraft:wooden_pickaxe":5,"minecraft:iron_sword":69,"minecraft:wooden_shovel":19,"minecraft:torch":2,"minecraft:dirt":1,"minecraft:crafting_table":7,"minecraft:tuff":1,"minecraft:spruce_log":6,"minecraft:wooden_axe":36,"minecraft:iron_pickaxe":190,"minecraft:stone_axe":4,"minecraft:cobblestone":56,"minecraft:furnace":6,"minecraft:cobbled_deepslate":11},"minecraft:mined":{"minecraft:podzol":2,"minecraft:deepslate_redstone_ore":4,"minecraft:tuff":25,"minecraft:spruce_planks":1,"minecraft:crafting_table":3,"minecraft:clay":24,"minecraft:torch":2,"minecraft:cobblestone":1,"minecraft:tall_grass":1,"minecraft:spruce_leaves":3,"minecraft:deepslate_gold_ore":12,"minecraft:moss_block":2,"minecraft:diorite":2,"minecraft:wall_torch":1,"minecraft:furnace":4,"minecraft:iron_ore":18,"minecraft:spruce_log":40,"minecraft:deepslate_lapis_ore":19,"minecraft:grass":1,"minecraft:coal_ore":5,"minecraft:deepslate_iron_ore":27,"minecraft:dirt":3,"minecraft:stone":168,"minecraft:small_dripleaf":1,"minecraft:gold_ore":8,"minecraft:deepslate":78,"minecraft:fern":5},"minecraft:broken":{"minecraft:stone_pickaxe":1},"minecraft:killed":{"minecraft:zombie_villager":1,"minecraft:spider":1,"minecraft:creeper":1,"minecraft:skeleton":4,"minecraft:zombie":10,"minecraft:drowned":1,"minecraft:turtle":1,"minecraft:tropical_fish":2,"minecraft:enderman":1},"minecraft:killed_by":{"minecraft:player":2,"minecraft:zombie":7,"minecraft:enderman":1},"minecraft:picked_up":{"minecraft:wooden_axe":2,"minecraft:seagrass":1,"minecraft:crafting_table":6,"minecraft:clay_ball":418,"minecraft:wooden_pickaxe":3,"minecraft:tuff":58,"minecraft:gunpowder":3,"minecraft:lapis_lazuli":272,"minecraft:dirt":6,"minecraft:string":5,"minecraft:wooden_sword":3,"minecraft:bone":2,"minecraft:wheat_seeds":12,"minecraft:cobbled_deepslate":190,"minecraft:raw_gold":62,"minecraft:spruce_planks":299,"minecraft:iron_ingot":26,"minecraft:stone_pickaxe":3,"minecraft:wooden_shovel":3,"minecraft:iron_pickaxe":3,"minecraft:moss_block":4,"minecraft:oak_planks":10,"minecraft:iron_sword":3,"minecraft:furnace":6,"minecraft:stick":3,"minecraft:raw_iron":80,"minecraft:torch":14,"minecraft:spruce_sapling":9,"minecraft:diorite":2,"minecraft:spruce_log":40,"minecraft:redstone":44,"minecraft:stone_sword":3,"minecraft:arrow":6,"minecraft:rotten_flesh":37,"minecraft:tropical_fish":3,"minecraft:stone_axe":3,"minecraft:granite":5,"minecraft:gold_ingot":14,"minecraft:coal":32,"minecraft:rail":4,"minecraft:cobblestone":467,"minecraft:ender_pearl":1},"minecraft:crafted":{"minecraft:wooden_sword":1,"minecraft:wooden_shovel":1,"minecraft:crafting_table":4,"minecraft:spruce_planks":134,"minecraft:wooden_pickaxe":1,"minecraft:iron_sword":1,"minecraft:furnace":2,"minecraft:stone_axe":1,"minecraft:air":0,"minecraft:stick":24,"minecraft:iron_ingot":26,"minecraft:iron_pickaxe":2,"minecraft:stone_pickaxe":2,"minecraft:wooden_axe":2,"minecraft:stone_sword":1,"minecraft:gold_ingot":4},"minecraft:custom":{"minecraft:interact_with_furnace":15,"minecraft:mob_kills":23,"minecraft:interact_with_crafting_table":8,"minecraft:leave_game":1,"minecraft:time_since_death":4387,"minecraft:climb_one_cm":233,"minecraft:time_since_rest":4415,"minecraft:sprint_one_cm":134666,"minecraft:damage_taken":2960,"minecraft:walk_one_cm":146893,"minecraft:drop":8,"minecraft:damage_dealt":5211,"minecraft:swim_one_cm":4332,"minecraft:fly_one_cm":86538,"minecraft:player_kills":2,"minecraft:crouch_one_cm":6218,"minecraft:play_time":70492,"minecraft:deaths":11,"minecraft:sneak_time":2077,"minecraft:walk_under_water_one_cm":3067,"minecraft:jump":904,"minecraft:walk_on_water_one_cm":23350,"minecraft:total_world_time":70492,"minecraft:fall_one_cm":17646},"minecraft:dropped":{"minecraft:wheat_seeds":8,"minecraft:tuff":28,"minecraft:cobblestone":22,"minecraft:clay_ball":64,"minecraft:rail":1,"minecraft:coal":10,"minecraft:raw_gold":8,"minecraft:iron_pickaxe":1}},"DataVersion":3465}