{"stats":{"minecraft:used":{"minecraft:moss_block":1,"minecraft:diorite":2,"minecraft:stone_sword":4,"minecraft:tropical_fish":3,"minecraft:stone_pickaxe":194,"minecraft:ender_pearl":1,"minecraft:shield":6,"minecraft:wooden_pickaxe":5,"minecraft:iron_sword":113,"minecraft:wooden_shovel":20,"minecraft:iron_chestplate":1,"minecraft:torch":4,"minecraft:dirt":1,"minecraft:crafting_table":8,"minecraft:tuff":1,"minecraft:spruce_log":6,"minecraft:wooden_axe":36,"minecraft:iron_pickaxe":251,"minecraft:stone_axe":8,"minecraft:cobblestone":101,"minecraft:furnace":7,"minecraft:cobbled_deepslate":16,"minecraft:iron_leggings":1},"minecraft:mined":{"minecraft:podzol":2,"minecraft:deepslate_redstone_ore":11,"minecraft:tuff":27,"minecraft:spruce_planks":3,"minecraft:flowering_azalea":1,"minecraft:deepslate_diamond_ore":1,"minecraft:clay":25,"minecraft:crafting_table":3,"minecraft:torch":4,"minecraft:cave_vines_plant":1,"minecraft:tall_grass":2,"minecraft:cobblestone":14,"minecraft:spruce_leaves":3,"minecraft:deepslate_gold_ore":12,"minecraft:moss_block":4,"minecraft:diorite":2,"minecraft:wall_torch":1,"minecraft:furnace":4,"minecraft:iron_ore":18,"minecraft:spruce_log":40,"minecraft:deepslate_lapis_ore":19,"minecraft:grass":1,"minecraft:coal_ore":5,"minecraft:deepslate_iron_ore":49,"minecraft:dirt":3,"minecraft:stone":168,"minecraft:small_dripleaf":1,"minecraft:gold_ore":8,"minecraft:deepslate":100,"minecraft:fern":5},"minecraft:broken":{"minecraft:iron_pickaxe":1,"minecraft:stone_pickaxe":1},"minecraft:killed":{"minecraft:witch":1,"minecraft:zombie_villager":1,"minecraft:spider":3,"minecraft:creeper":1,"minecraft:skeleton":6,"minecraft:zombie":17,"minecraft:drowned":1,"minecraft:turtle":1,"minecraft:tropical_fish":2,"minecraft:enderman":1},"minecraft:killed_by":{"minecraft:player":3,"minecraft:zombie":7,"minecraft:enderman":1},"minecraft:picked_up":{"minecraft:wooden_axe":2,"minecraft:seagrass":1,"minecraft:crafting_table":6,"minecraft:iron_chestplate":2,"minecraft:clay_ball":550,"minecraft:wooden_pickaxe":5,"minecraft:tuff":62,"minecraft:shield":3,"minecraft:gunpowder":5,"minecraft:lapis_lazuli":526,"minecraft:string":9,"minecraft:dirt":6,"minecraft:wooden_sword":5,"minecraft:iron_leggings":2,"minecraft:bone":6,"minecraft:wheat_seeds":12,"minecraft:cobbled_deepslate":403,"minecraft:raw_gold":78,"minecraft:spruce_planks":363,"minecraft:stone_pickaxe":5,"minecraft:iron_ingot":28,"minecraft:wooden_shovel":5,"minecraft:iron_pickaxe":5,"minecraft:moss_block":10,"minecraft:oak_planks":22,"minecraft:iron_sword":7,"minecraft:furnace":6,"minecraft:stick":9,"minecraft:raw_iron":114,"minecraft:oak_fence":8,"minecraft:torch":25,"minecraft:spruce_sapling":9,"minecraft:diorite":2,"minecraft:spruce_log":40,"minecraft:redstone":142,"minecraft:spider_eye":2,"minecraft:stone_sword":5,"minecraft:arrow":15,"minecraft:rotten_flesh":81,"minecraft:diamond":2,"minecraft:tropical_fish":3,"minecraft:stone_axe":5,"minecraft:granite":9,"minecraft:bread":4,"minecraft:gold_ingot":15,"minecraft:coal":48,"minecraft:rail":4,"minecraft:cobblestone":515,"minecraft:ender_pearl":1},"minecraft:crafted":{"minecraft:wooden_sword":1,"minecraft:wooden_shovel":1,"minecraft:crafting_table":5,"minecraft:spruce_planks":134,"minecraft:wooden_pickaxe":1,"minecraft:iron_sword":2,"minecraft:furnace":3,"minecraft:stone_axe":1,"minecraft:air":0,"minecraft:iron_chestplate":1,"minecraft:stick":32,"minecraft:iron_ingot":45,"minecraft:iron_pickaxe":3,"minecraft:stone_pickaxe":3,"minecraft:wooden_axe":2,"minecraft:stone_sword":1,"minecraft:gold_ingot":4,"minecraft:iron_leggings":1},"minecraft:custom":{"minecraft:interact_with_furnace":33,"minecraft:mob_kills":35,"minecraft:interact_with_crafting_table":13,"minecraft:leave_game":2,"minecraft:time_since_death":5073,"minecraft:climb_one_cm":617,"minecraft:time_since_rest":5115,"minecraft:sprint_one_cm":173226,"minecraft:damage_taken":3790,"minecraft:walk_one_cm":286964,"minecraft:damage_blocked_by_shield":140,"minecraft:drop":18,"minecraft:damage_dealt":7258,"minecraft:swim_one_cm":4332,"minecraft:fly_one_cm":170962,"minecraft:player_kills":3,"minecraft:crouch_one_cm":12135,"minecraft:play_time":101781,"minecraft:deaths":15,"minecraft:sneak_time":4357,"minecraft:walk_under_water_one_cm":3223,"minecraft:jump":1251,"minecraft:walk_on_water_one_cm":31868,"minecraft:total_world_time":101781,"minecraft:fall_one_cm":22190},"minecraft:dropped":{"minecraft:iron_ingot":17,"minecraft:iron_sword":3,"minecraft:moss_block":6,"minecraft:wheat_seeds":8,"minecraft:tuff":28,"minecraft:cobblestone":53,"minecraft:clay_ball":64,"minecraft:rail":1,"minecraft:coal":13,"minecraft:spruce_planks":32,"minecraft:raw_gold":8,"minecraft:iron_pickaxe":2,"minecraft:gold_ingot":6}},"DataVersion":3465}