{"stats":{"minecraft:used":{"minecraft:moss_block":1,"minecraft:diorite":2,"minecraft:stone_sword":4,"minecraft:tropical_fish":3,"minecraft:stone_pickaxe":186,"minecraft:shield":6,"minecraft:ender_pearl":1,"minecraft:wooden_pickaxe":5,"minecraft:iron_sword":113,"minecraft:wooden_shovel":20,"minecraft:iron_chestplate":1,"minecraft:torch":4,"minecraft:dirt":1,"minecraft:crafting_table":7,"minecraft:tuff":1,"minecraft:spruce_log":6,"minecraft:wooden_axe":36,"minecraft:iron_pickaxe":247,"minecraft:stone_axe":8,"minecraft:cobblestone":97,"minecraft:furnace":6,"minecraft:cobbled_deepslate":11,"minecraft:iron_leggings":1},"minecraft:mined":{"minecraft:podzol":2,"minecraft:deepslate_redstone_ore":11,"minecraft:tuff":25,"minecraft:flowering_azalea":1,"minecraft:spruce_planks":3,"minecraft:deepslate_diamond_ore":1,"minecraft:crafting_table":3,"minecraft:clay":24,"minecraft:torch":4,"minecraft:cobblestone":14,"minecraft:tall_grass":2,"minecraft:spruce_leaves":3,"minecraft:deepslate_gold_ore":12,"minecraft:moss_block":4,"minecraft:diorite":2,"minecraft:wall_torch":1,"minecraft:furnace":4,"minecraft:iron_ore":18,"minecraft:spruce_log":40,"minecraft:deepslate_lapis_ore":19,"minecraft:grass":1,"minecraft:coal_ore":5,"minecraft:deepslate_iron_ore":39,"minecraft:dirt":3,"minecraft:stone":168,"minecraft:small_dripleaf":1,"minecraft:gold_ore":8,"minecraft:deepslate":100,"minecraft:fern":5},"minecraft:broken":{"minecraft:stone_pickaxe":1},"minecraft:killed":{"minecraft:witch":1,"minecraft:zombie_villager":1,"minecraft:spider":3,"minecraft:creeper":1,"minecraft:skeleton":6,"minecraft:zombie":17,"minecraft:drowned":1,"minecraft:turtle":1,"minecraft:tropical_fish":2,"minecraft:enderman":1},"minecraft:killed_by":{"minecraft:player":3,"minecraft:zombie":7,"minecraft:enderman":1},"minecraft:picked_up":{"minecraft:wooden_axe":2,"minecraft:seagrass":1,"minecraft:crafting_table":6,"minecraft:clay_ball":482,"minecraft:wooden_pickaxe":4,"minecraft:tuff":59,"minecraft:shield":2,"minecraft:gunpowder":4,"minecraft:lapis_lazuli":399,"minecraft:dirt":6,"minecraft:string":7,"minecraft:wooden_sword":4,"minecraft:iron_leggings":1,"minecraft:bone":4,"minecraft:wheat_seeds":12,"minecraft:cobbled_deepslate":297,"minecraft:raw_gold":70,"minecraft:spruce_planks":331,"minecraft:iron_ingot":27,"minecraft:stone_pickaxe":4,"minecraft:wooden_shovel":4,"minecraft:iron_pickaxe":4,"minecraft:moss_block":10,"minecraft:oak_planks":16,"minecraft:iron_sword":6,"minecraft:furnace":6,"minecraft:stick":6,"minecraft:raw_iron":92,"minecraft:oak_fence":4,"minecraft:torch":20,"minecraft:spruce_sapling":9,"minecraft:diorite":2,"minecraft:spruce_log":40,"minecraft:redstone":93,"minecraft:spider_eye":1,"minecraft:stone_sword":4,"minecraft:arrow":11,"minecraft:rotten_flesh":60,"minecraft:diamond":1,"minecraft:tropical_fish":3,"minecraft:stone_axe":4,"minecraft:granite":7,"minecraft:gold_ingot":14,"minecraft:iron_chestplate":1,"minecraft:coal":38,"minecraft:rail":4,"minecraft:cobblestone":511,"minecraft:ender_pearl":1},"minecraft:crafted":{"minecraft:wooden_sword":1,"minecraft:wooden_shovel":1,"minecraft:crafting_table":4,"minecraft:spruce_planks":134,"minecraft:wooden_pickaxe":1,"minecraft:iron_sword":2,"minecraft:furnace":2,"minecraft:stone_axe":1,"minecraft:air":0,"minecraft:iron_chestplate":1,"minecraft:stick":28,"minecraft:iron_ingot":45,"minecraft:iron_pickaxe":3,"minecraft:stone_pickaxe":2,"minecraft:wooden_axe":2,"minecraft:stone_sword":1,"minecraft:iron_leggings":1,"minecraft:gold_ingot":4},"minecraft:custom":{"minecraft:interact_with_furnace":32,"minecraft:mob_kills":35,"minecraft:interact_with_crafting_table":11,"minecraft:leave_game":1,"minecraft:time_since_death":0,"minecraft:climb_one_cm":617,"minecraft:time_since_rest":56,"minecraft:sprint_one_cm":172102,"minecraft:damage_taken":3310,"minecraft:walk_one_cm":284563,"minecraft:damage_blocked_by_shield":140,"minecraft:drop":18,"minecraft:damage_dealt":7258,"minecraft:swim_one_cm":4332,"minecraft:fly_one_cm":95719,"minecraft:player_kills":3,"minecraft:crouch_one_cm":11389,"minecraft:play_time":94492,"minecraft:deaths":13,"minecraft:sneak_time":3138,"minecraft:walk_under_water_one_cm":3067,"minecraft:jump":1208,"minecraft:walk_on_water_one_cm":30634,"minecraft:total_world_time":94492,"minecraft:fall_one_cm":21979},"minecraft:dropped":{"minecraft:iron_ingot":17,"minecraft:iron_sword":3,"minecraft:moss_block":6,"minecraft:wheat_seeds":8,"minecraft:tuff":28,"minecraft:cobblestone":53,"minecraft:clay_ball":64,"minecraft:rail":1,"minecraft:coal":13,"minecraft:spruce_planks":32,"minecraft:raw_gold":8,"minecraft:iron_pickaxe":2,"minecraft:gold_ingot":6}},"DataVersion":3465}