{"stats":{"minecraft:picked_up":{"minecraft:rotten_flesh":1,"minecraft:lead":2},"minecraft:dropped":{"minecraft:rotten_flesh":1},"minecraft:custom":{"minecraft:jump":136,"minecraft:time_since_rest":37625,"minecraft:crouch_one_cm":753,"minecraft:leave_game":6,"minecraft:play_time":37625,"minecraft:sprint_one_cm":7018,"minecraft:damage_taken":20,"minecraft:time_since_death":37625,"minecraft:walk_one_cm":8654,"minecraft:sneak_time":256,"minecraft:total_world_time":37625,"minecraft:fall_one_cm":751,"minecraft:drop":1,"minecraft:fly_one_cm":15850},"minecraft:used":{"minecraft:dirt":26}},"DataVersion":3120}