{"stats":{"minecraft:used":{"minecraft:stone_sword":30,"minecraft:tropical_fish":5,"minecraft:stone_pickaxe":160,"minecraft:spruce_planks":24,"minecraft:wooden_pickaxe":9,"minecraft:rotten_flesh":4,"minecraft:torch":17,"minecraft:dirt":17,"minecraft:crafting_table":3,"minecraft:spruce_log":6,"minecraft:wooden_axe":2,"minecraft:flowering_azalea":1,"minecraft:bread":3,"minecraft:iron_pickaxe":98,"minecraft:stone_axe":124,"minecraft:cobblestone":7,"minecraft:furnace":1,"minecraft:cobbled_deepslate":10},"minecraft:mined":{"minecraft:podzol":3,"minecraft:tuff":5,"minecraft:spruce_planks":4,"minecraft:deepslate_diamond_ore":1,"minecraft:oak_fence":2,"minecraft:clay":4,"minecraft:glow_lichen":1,"minecraft:granite":2,"minecraft:calcite":1,"minecraft:cobblestone":7,"minecraft:deepslate_gold_ore":6,"minecraft:spruce_leaves":3,"minecraft:oak_planks":1,"minecraft:moss_block":2,"minecraft:wall_torch":1,"minecraft:amethyst_block":2,"minecraft:iron_ore":16,"minecraft:cobbled_deepslate":2,"minecraft:spruce_log":195,"minecraft:andesite":10,"minecraft:deepslate_lapis_ore":1,"minecraft:grass":4,"minecraft:vine":1,"minecraft:coal_ore":21,"minecraft:cave_vines":1,"minecraft:deepslate_iron_ore":36,"minecraft:dirt":9,"minecraft:cobweb":2,"minecraft:stone":131,"minecraft:deepslate":17,"minecraft:fern":4},"minecraft:broken":{"minecraft:stone_pickaxe":1,"minecraft:stone_axe":1},"minecraft:killed":{"minecraft:spider":1,"minecraft:skeleton":3,"minecraft:zombie":4,"minecraft:tropical_fish":3},"minecraft:killed_by":{"minecraft:player":1,"minecraft:creeper":1},"minecraft:picked_up":{"minecraft:wooden_axe":2,"minecraft:clay_ball":228,"minecraft:andesite":26,"minecraft:wooden_pickaxe":1,"minecraft:tuff":10,"minecraft:lapis_lazuli":25,"minecraft:string":4,"minecraft:dirt":34,"minecraft:moss_carpet":42,"minecraft:name_tag":1,"minecraft:bone":2,"minecraft:wheat_seeds":16,"minecraft:cobbled_deepslate":41,"minecraft:raw_gold":12,"minecraft:spruce_planks":357,"minecraft:stone_pickaxe":2,"minecraft:azalea":2,"minecraft:iron_pickaxe":1,"minecraft:moss_block":5,"minecraft:oak_planks":10,"minecraft:flowering_azalea":3,"minecraft:raw_iron":104,"minecraft:stick":7,"minecraft:oak_fence":4,"minecraft:torch":9,"minecraft:spruce_sapling":32,"minecraft:spruce_log":450,"minecraft:stone_sword":1,"minecraft:arrow":8,"minecraft:rotten_flesh":4,"minecraft:diamond":2,"minecraft:tropical_fish":5,"minecraft:stone_axe":1,"minecraft:granite":2,"minecraft:gold_ingot":2,"minecraft:coal":38,"minecraft:rail":2,"minecraft:cobblestone":225},"minecraft:crafted":{"minecraft:crafting_table":3,"minecraft:spruce_planks":100,"minecraft:wooden_pickaxe":1,"minecraft:furnace":1,"minecraft:stone_axe":1,"minecraft:stick":8,"minecraft:stone_pickaxe":2,"minecraft:stone_sword":1,"minecraft:torch":16},"minecraft:custom":{"minecraft:interact_with_furnace":5,"minecraft:mob_kills":11,"minecraft:interact_with_crafting_table":12,"minecraft:time_since_death":67,"minecraft:climb_one_cm":1465,"minecraft:time_since_rest":90,"minecraft:sprint_one_cm":110042,"minecraft:damage_taken":940,"minecraft:walk_one_cm":117983,"minecraft:drop":12,"minecraft:damage_dealt":1600,"minecraft:swim_one_cm":391,"minecraft:fly_one_cm":70587,"minecraft:crouch_one_cm":17930,"minecraft:play_time":54000,"minecraft:deaths":3,"minecraft:sneak_time":9849,"minecraft:walk_under_water_one_cm":30,"minecraft:jump":667,"minecraft:walk_on_water_one_cm":10039,"minecraft:total_world_time":54000,"minecraft:fall_one_cm":10738},"minecraft:dropped":{"minecraft:moss_block":5,"minecraft:torch":1,"minecraft:spruce_planks":90,"minecraft:azalea":2,"minecraft:flowering_azalea":2}},"DataVersion":3465}