{"stats":{"minecraft:used":{"minecraft:stone_sword":31,"minecraft:tropical_fish":5,"minecraft:spruce_planks":24,"minecraft:shield":12,"minecraft:iron_sword":43,"minecraft:cooked_salmon":4,"minecraft:rotten_flesh":5,"minecraft:torch":22,"minecraft:dirt":21,"minecraft:tuff":9,"minecraft:spruce_boat":2,"minecraft:wooden_axe":2,"minecraft:flowering_azalea":1,"minecraft:iron_axe":7,"minecraft:iron_helmet":1,"minecraft:iron_boots":1,"minecraft:furnace":3,"minecraft:cobbled_deepslate":31,"minecraft:iron_leggings":1,"minecraft:stone_pickaxe":163,"minecraft:wooden_pickaxe":9,"minecraft:salmon":1,"minecraft:sand":4,"minecraft:rail":3,"minecraft:crafting_table":6,"minecraft:spruce_log":6,"minecraft:bread":3,"minecraft:iron_pickaxe":239,"minecraft:stone_axe":124,"minecraft:cobblestone":71},"minecraft:mined":{"minecraft:tuff":9,"minecraft:spruce_planks":4,"minecraft:deepslate_diamond_ore":1,"minecraft:glow_lichen":1,"minecraft:granite":4,"minecraft:spruce_leaves":3,"minecraft:moss_block":2,"minecraft:sandstone":42,"minecraft:furnace":2,"minecraft:iron_ore":16,"minecraft:cobbled_deepslate":3,"minecraft:andesite":10,"minecraft:deepslate_lapis_ore":1,"minecraft:vine":1,"minecraft:cave_vines":1,"minecraft:deepslate_iron_ore":38,"minecraft:rail":1,"minecraft:stone":174,"minecraft:podzol":3,"minecraft:oak_fence":4,"minecraft:clay":4,"minecraft:crafting_table":2,"minecraft:calcite":1,"minecraft:dead_bush":1,"minecraft:cobblestone":8,"minecraft:deepslate_gold_ore":9,"minecraft:oak_planks":1,"minecraft:sugar_cane":5,"minecraft:wall_torch":1,"minecraft:amethyst_block":2,"minecraft:spruce_log":195,"minecraft:grass":4,"minecraft:coal_ore":37,"minecraft:dirt":13,"minecraft:sand":9,"minecraft:cobweb":3,"minecraft:deepslate":39,"minecraft:fern":4},"minecraft:broken":{"minecraft:stone_pickaxe":1,"minecraft:stone_axe":1},"minecraft:killed":{"minecraft:cave_spider":1,"minecraft:spider":4,"minecraft:skeleton":7,"minecraft:tropical_fish":3,"minecraft:salmon":5,"minecraft:zombie":7},"minecraft:killed_by":{"minecraft:player":1,"minecraft:creeper":1},"minecraft:picked_up":{"minecraft:wooden_axe":3,"minecraft:crafting_table":2,"minecraft:clay_ball":424,"minecraft:wooden_pickaxe":4,"minecraft:string":10,"minecraft:moss_carpet":63,"minecraft:cobbled_deepslate":63,"minecraft:spruce_planks":443,"minecraft:azalea":2,"minecraft:iron_pickaxe":3,"minecraft:sugar_cane":11,"minecraft:furnace":2,"minecraft:raw_iron":170,"minecraft:stick":7,"minecraft:sandstone":35,"minecraft:oak_fence":15,"minecraft:torch":10,"minecraft:stone_sword":2,"minecraft:arrow":16,"minecraft:rotten_flesh":5,"minecraft:tropical_fish":5,"minecraft:gold_ingot":8,"minecraft:rail":7,"minecraft:cobblestone":425,"minecraft:andesite":36,"minecraft:salmon":6,"minecraft:tuff":42,"minecraft:lapis_lazuli":25,"minecraft:dirt":38,"minecraft:name_tag":2,"minecraft:bone":7,"minecraft:kelp":9,"minecraft:wheat_seeds":24,"minecraft:raw_gold":29,"minecraft:iron_ingot":3,"minecraft:stone_pickaxe":3,"minecraft:moss_block":5,"minecraft:oak_planks":12,"minecraft:flowering_azalea":3,"minecraft:sand":9,"minecraft:spruce_sapling":48,"minecraft:spruce_log":611,"minecraft:spider_eye":4,"minecraft:diamond":3,"minecraft:stone_axe":1,"minecraft:granite":4,"minecraft:coal":86},"minecraft:crafted":{"minecraft:furnace":2,"minecraft:iron_boots":1,"minecraft:iron_axe":1,"minecraft:stone_pickaxe":2,"minecraft:spruce_boat":2,"minecraft:crafting_table":4,"minecraft:spruce_planks":100,"minecraft:wooden_pickaxe":1,"minecraft:iron_helmet":1,"minecraft:iron_sword":1,"minecraft:cooked_salmon":4,"minecraft:stone_axe":1,"minecraft:air":0,"minecraft:iron_chestplate":1,"minecraft:shield":2,"minecraft:stick":12,"minecraft:iron_ingot":37,"minecraft:stone_sword":1,"minecraft:iron_leggings":1,"minecraft:torch":20},"minecraft:custom":{"minecraft:mob_kills":27,"minecraft:interact_with_crafting_table":29,"minecraft:leave_game":1,"minecraft:time_since_death":35872,"minecraft:climb_one_cm":1465,"minecraft:sprint_one_cm":179145,"minecraft:walk_one_cm":163088,"minecraft:damage_blocked_by_shield":565,"minecraft:drop":46,"minecraft:walk_under_water_one_cm":17174,"minecraft:play_time":89805,"minecraft:deaths":3,"minecraft:sneak_time":12009,"minecraft:boat_one_cm":202230,"minecraft:jump":1101,"minecraft:walk_on_water_one_cm":19306,"minecraft:total_world_time":89805,"minecraft:interact_with_furnace":43,"minecraft:time_since_rest":35895,"minecraft:damage_taken":1219,"minecraft:damage_dealt":3805,"minecraft:swim_one_cm":19969,"minecraft:fly_one_cm":134244,"minecraft:open_chest":2,"minecraft:crouch_one_cm":19373,"minecraft:fall_one_cm":14471},"minecraft:dropped":{"minecraft:moss_block":5,"minecraft:wheat_seeds":8,"minecraft:oak_fence":7,"minecraft:rail":2,"minecraft:torch":1,"minecraft:wooden_axe":1,"minecraft:flowering_azalea":2,"minecraft:iron_pickaxe":1,"minecraft:bone":1,"minecraft:moss_carpet":21,"minecraft:kelp":9,"minecraft:cobbled_deepslate":1,"minecraft:clay_ball":196,"minecraft:oak_planks":2,"minecraft:filled_map":1,"minecraft:shield":1,"minecraft:spruce_planks":90,"minecraft:andesite":10,"minecraft:azalea":2,"minecraft:spider_eye":4,"minecraft:arrow":6,"minecraft:stone_pickaxe":1,"minecraft:wooden_pickaxe":3}},"DataVersion":3465}