{"stats":{"minecraft:used":{"minecraft:stone_pickaxe":23,"minecraft:wooden_pickaxe":9,"minecraft:stone_axe":115,"minecraft:cobblestone":7,"minecraft:crafting_table":1},"minecraft:mined":{"minecraft:podzol":3,"minecraft:spruce_log":195,"minecraft:grass":2,"minecraft:coal_ore":18,"minecraft:dirt":9,"minecraft:cobblestone":1,"minecraft:spruce_leaves":3,"minecraft:stone":13,"minecraft:fern":4},"minecraft:killed":{"minecraft:zombie":1,"minecraft:spider":1},"minecraft:picked_up":{"minecraft:wooden_axe":1,"minecraft:stick":5,"minecraft:spruce_sapling":16,"minecraft:spruce_log":192,"minecraft:dirt":17,"minecraft:string":1,"minecraft:rotten_flesh":1,"minecraft:wheat_seeds":2,"minecraft:spruce_planks":127,"minecraft:coal":18,"minecraft:cobblestone":13},"minecraft:crafted":{"minecraft:crafting_table":1,"minecraft:spruce_planks":100,"minecraft:stick":4,"minecraft:wooden_pickaxe":1,"minecraft:stone_pickaxe":1,"minecraft:stone_axe":1},"minecraft:custom":{"minecraft:time_since_rest":18000,"minecraft:sprint_one_cm":8016,"minecraft:damage_taken":170,"minecraft:walk_one_cm":26015,"minecraft:mob_kills":2,"minecraft:damage_dealt":359,"minecraft:interact_with_crafting_table":5,"minecraft:fly_one_cm":3553,"minecraft:crouch_one_cm":7233,"minecraft:play_time":18000,"minecraft:sneak_time":3552,"minecraft:jump":138,"minecraft:walk_on_water_one_cm":706,"minecraft:time_since_death":18000,"minecraft:total_world_time":18000,"minecraft:fall_one_cm":1440}},"DataVersion":3465}