{"stats":{"minecraft:used":{"minecraft:wooden_axe":2,"minecraft:stone_pickaxe":160,"minecraft:spruce_planks":4,"minecraft:wooden_pickaxe":9,"minecraft:rotten_flesh":1,"minecraft:stone_axe":118,"minecraft:torch":5,"minecraft:dirt":17,"minecraft:cobblestone":7,"minecraft:crafting_table":2,"minecraft:spruce_log":6},"minecraft:mined":{"minecraft:podzol":3,"minecraft:spruce_planks":2,"minecraft:iron_ore":1,"minecraft:spruce_log":195,"minecraft:andesite":8,"minecraft:granite":2,"minecraft:grass":2,"minecraft:coal_ore":21,"minecraft:dirt":9,"minecraft:cobblestone":6,"minecraft:spruce_leaves":3,"minecraft:stone":130,"minecraft:wall_torch":1,"minecraft:fern":4},"minecraft:broken":{"minecraft:stone_pickaxe":1},"minecraft:killed":{"minecraft:skeleton":1,"minecraft:zombie":1,"minecraft:spider":1},"minecraft:picked_up":{"minecraft:wooden_axe":2,"minecraft:stick":7,"minecraft:raw_iron":1,"minecraft:andesite":14,"minecraft:torch":5,"minecraft:wooden_pickaxe":1,"minecraft:spruce_sapling":32,"minecraft:spruce_log":353,"minecraft:dirt":34,"minecraft:string":2,"minecraft:bone":2,"minecraft:arrow":2,"minecraft:rotten_flesh":1,"minecraft:stone_axe":1,"minecraft:wheat_seeds":4,"minecraft:spruce_planks":257,"minecraft:granite":1,"minecraft:stone_pickaxe":1,"minecraft:coal":38,"minecraft:cobblestone":170},"minecraft:crafted":{"minecraft:crafting_table":2,"minecraft:spruce_planks":100,"minecraft:stick":8,"minecraft:wooden_pickaxe":1,"minecraft:stone_pickaxe":2,"minecraft:stone_sword":1,"minecraft:torch":4,"minecraft:stone_axe":1},"minecraft:custom":{"minecraft:time_since_rest":8900,"minecraft:interact_with_furnace":2,"minecraft:sprint_one_cm":15064,"minecraft:damage_taken":300,"minecraft:walk_one_cm":38485,"minecraft:mob_kills":3,"minecraft:drop":3,"minecraft:damage_dealt":572,"minecraft:interact_with_crafting_table":8,"minecraft:fly_one_cm":15649,"minecraft:crouch_one_cm":12735,"minecraft:play_time":30000,"minecraft:deaths":1,"minecraft:sneak_time":7113,"minecraft:jump":292,"minecraft:walk_on_water_one_cm":706,"minecraft:time_since_death":8874,"minecraft:climb_one_cm":302,"minecraft:total_world_time":30000,"minecraft:fall_one_cm":6247},"minecraft:dropped":{"minecraft:torch":1,"minecraft:spruce_planks":90}},"DataVersion":3465}