{"stats":{"minecraft:mined":{"minecraft:spruce_leaves":1,"minecraft:spruce_log":71},"minecraft:picked_up":{"minecraft:spruce_log":71},"minecraft:custom":{"minecraft:jump":37,"minecraft:time_since_rest":6000,"minecraft:crouch_one_cm":511,"minecraft:sprint_one_cm":82,"minecraft:play_time":6000,"minecraft:walk_on_water_one_cm":148,"minecraft:time_since_death":6000,"minecraft:walk_one_cm":3761,"minecraft:sneak_time":669,"minecraft:total_world_time":6000,"minecraft:fly_one_cm":70}},"DataVersion":3465}