{"stats":{"minecraft:crafted":{"minecraft:furnace":2,"minecraft:cooked_mutton":3,"minecraft:iron_boots":1,"minecraft:iron_axe":1,"minecraft:stone_pickaxe":2,"minecraft:spruce_boat":3,"minecraft:crafting_table":6,"minecraft:spruce_planks":100,"minecraft:wooden_pickaxe":1,"minecraft:baked_potato":13,"minecraft:iron_helmet":1,"minecraft:iron_sword":1,"minecraft:cooked_salmon":4,"minecraft:stone_axe":1,"minecraft:bread":10,"minecraft:air":0,"minecraft:iron_chestplate":1,"minecraft:shield":2,"minecraft:stick":16,"minecraft:iron_ingot":51,"minecraft:iron_pickaxe":1,"minecraft:stone_sword":1,"minecraft:iron_leggings":1,"minecraft:torch":20},"minecraft:used":{"minecraft:stone_sword":31,"minecraft:iron_shovel":16,"minecraft:tropical_fish":5,"minecraft:spruce_planks":52,"minecraft:shield":21,"minecraft:iron_sword":91,"minecraft:cooked_salmon":4,"minecraft:rotten_flesh":26,"minecraft:netherrack":2,"minecraft:torch":22,"minecraft:dirt":21,"minecraft:tuff":32,"minecraft:granite":1,"minecraft:stone_brick_slab":2,"minecraft:spruce_boat":3,"minecraft:wooden_axe":2,"minecraft:flowering_azalea":1,"minecraft:iron_axe":18,"minecraft:iron_helmet":1,"minecraft:iron_boots":1,"minecraft:furnace":4,"minecraft:cobbled_deepslate":31,"minecraft:iron_leggings":1,"minecraft:cooked_mutton":3,"minecraft:stone_pickaxe":163,"minecraft:baked_potato":13,"minecraft:wooden_pickaxe":9,"minecraft:fletching_table":2,"minecraft:salmon":1,"minecraft:sand":4,"minecraft:rail":3,"minecraft:crafting_table":9,"minecraft:blast_furnace":1,"minecraft:spruce_log":6,"minecraft:bread":3,"minecraft:iron_pickaxe":270,"minecraft:stone_axe":124,"minecraft:cobblestone":94,"minecraft:purple_bed":1,"minecraft:cooked_porkchop":2},"minecraft:dropped":{"minecraft:iron_ingot":17,"minecraft:moss_block":5,"minecraft:wheat_seeds":8,"minecraft:ender_pearl":1,"minecraft:oak_fence":11,"minecraft:cobblestone":2,"minecraft:fletching_table":1,"minecraft:rail":2,"minecraft:dirt":1,"minecraft:torch":1,"minecraft:wooden_axe":1,"minecraft:jack_o_lantern":3,"minecraft:pumpkin":12,"minecraft:flowering_azalea":2,"minecraft:iron_pickaxe":1,"minecraft:string":12,"minecraft:bone":2,"minecraft:moss_carpet":21,"minecraft:kelp":9,"minecraft:sugar_cane":11,"minecraft:cobbled_deepslate":1,"minecraft:wheat":2,"minecraft:clay_ball":196,"minecraft:oak_planks":2,"minecraft:filled_map":1,"minecraft:shield":1,"minecraft:spruce_planks":90,"minecraft:andesite":10,"minecraft:azalea":2,"minecraft:spider_eye":4,"minecraft:wooden_pickaxe":3,"minecraft:arrow":8,"minecraft:stone_pickaxe":1,"minecraft:netherrack":1},"minecraft:killed":{"minecraft:cave_spider":1,"minecraft:spider":4,"minecraft:skeleton":8,"minecraft:tropical_fish":3,"minecraft:salmon":5,"minecraft:sheep":2,"minecraft:zombie":12,"minecraft:wither_skeleton":1,"minecraft:enderman":2},"minecraft:broken":{"minecraft:stone_pickaxe":1,"minecraft:stone_axe":1,"minecraft:iron_pickaxe":1},"minecraft:mined":{"minecraft:tuff":9,"minecraft:spruce_planks":5,"minecraft:deepslate_diamond_ore":1,"minecraft:jack_o_lantern":1,"minecraft:nether_bricks":2,"minecraft:glow_lichen":1,"minecraft:granite":4,"minecraft:grass_block":8,"minecraft:spruce_leaves":6,"minecraft:moss_block":2,"minecraft:sandstone":42,"minecraft:large_fern":1,"minecraft:magma_block":1,"minecraft:furnace":3,"minecraft:fire":1,"minecraft:iron_ore":16,"minecraft:cobbled_deepslate":3,"minecraft:andesite":10,"minecraft:pumpkin":2,"minecraft:fletching_table":2,"minecraft:deepslate_lapis_ore":1,"minecraft:gold_block":1,"minecraft:rail":1,"minecraft:vine":1,"minecraft:cave_vines":1,"minecraft:deepslate_iron_ore":38,"minecraft:stone":184,"minecraft:podzol":3,"minecraft:stone_brick_slab":2,"minecraft:crafting_table":2,"minecraft:oak_fence":4,"minecraft:clay":4,"minecraft:blast_furnace":2,"minecraft:calcite":1,"minecraft:dead_bush":1,"minecraft:cobblestone":10,"minecraft:deepslate_gold_ore":9,"minecraft:oak_planks":1,"minecraft:sugar_cane":5,"minecraft:wall_torch":1,"minecraft:amethyst_block":2,"minecraft:purple_bed":2,"minecraft:spruce_log":195,"minecraft:grass":4,"minecraft:coal_ore":45,"minecraft:sand":14,"minecraft:dirt":14,"minecraft:cobweb":3,"minecraft:deepslate":39,"minecraft:fern":5},"minecraft:killed_by":{"minecraft:player":2,"minecraft:creeper":1},"minecraft:custom":{"minecraft:mob_kills":39,"minecraft:interact_with_crafting_table":32,"minecraft:leave_game":43,"minecraft:time_since_death":41865,"minecraft:climb_one_cm":1760,"minecraft:sprint_one_cm":295855,"minecraft:walk_one_cm":298732,"minecraft:damage_blocked_by_shield":1053,"minecraft:drop":72,"minecraft:talked_to_villager":1,"minecraft:play_time":170982,"minecraft:deaths":4,"minecraft:sneak_time":17047,"minecraft:walk_under_water_one_cm":18825,"minecraft:boat_one_cm":512510,"minecraft:jump":2438,"minecraft:interact_with_blast_furnace":8,"minecraft:walk_on_water_one_cm":21818,"minecraft:total_world_time":170982,"minecraft:interact_with_furnace":55,"minecraft:time_since_rest":41902,"minecraft:damage_taken":2790,"minecraft:damage_dealt":6848,"minecraft:player_kills":2,"minecraft:swim_one_cm":21765,"minecraft:fly_one_cm":294934,"minecraft:open_chest":12,"minecraft:crouch_one_cm":30288,"minecraft:fall_one_cm":48917},"minecraft:picked_up":{"minecraft:wooden_axe":3,"minecraft:crafting_table":3,"minecraft:iron_chestplate":1,"minecraft:wheat":32,"minecraft:clay_ball":468,"minecraft:wooden_pickaxe":4,"minecraft:gold_block":1,"minecraft:shield":1,"minecraft:string":28,"minecraft:moss_carpet":63,"minecraft:iron_axe":1,"minecraft:iron_leggings":1,"minecraft:iron_shovel":2,"minecraft:cobbled_deepslate":63,"minecraft:spruce_planks":496,"minecraft:azalea":2,"minecraft:iron_pickaxe":4,"minecraft:sugar_cane":22,"minecraft:iron_boots":1,"minecraft:furnace":2,"minecraft:stick":9,"minecraft:raw_iron":170,"minecraft:sandstone":70,"minecraft:oak_fence":15,"minecraft:torch":10,"minecraft:stone_sword":3,"minecraft:arrow":18,"minecraft:rotten_flesh":35,"minecraft:tropical_fish":5,"minecraft:nether_bricks":1,"minecraft:gold_ingot":15,"minecraft:mutton":3,"minecraft:rail":7,"minecraft:white_wool":4,"minecraft:cobblestone":513,"minecraft:andesite":36,"minecraft:salmon":6,"minecraft:potato":8,"minecraft:tuff":42,"minecraft:dirt":39,"minecraft:lapis_lazuli":25,"minecraft:paper":14,"minecraft:name_tag":3,"minecraft:bone":14,"minecraft:kelp":9,"minecraft:wheat_seeds":24,"minecraft:raw_gold":62,"minecraft:iron_ingot":37,"minecraft:stone_pickaxe":3,"minecraft:fletching_table":4,"minecraft:moss_block":5,"minecraft:flowering_azalea":3,"minecraft:oak_planks":12,"minecraft:iron_sword":1,"minecraft:book":3,"minecraft:cooked_porkchop":3,"minecraft:pumpkin":15,"minecraft:stone_brick_slab":2,"minecraft:sand":14,"minecraft:spruce_sapling":64,"minecraft:blast_furnace":1,"minecraft:spruce_log":772,"minecraft:spider_eye":4,"minecraft:purple_bed":3,"minecraft:diamond":4,"minecraft:spruce_boat":2,"minecraft:stone_axe":1,"minecraft:iron_helmet":1,"minecraft:granite":6,"minecraft:baked_potato":7,"minecraft:jack_o_lantern":5,"minecraft:netherrack":3,"minecraft:coal":96,"minecraft:ender_pearl":1}},"DataVersion":3465}