{"stats":{"minecraft:used":{"minecraft:stone_sword":31,"minecraft:tropical_fish":5,"minecraft:stone_pickaxe":163,"minecraft:shield":8,"minecraft:spruce_planks":24,"minecraft:wooden_pickaxe":9,"minecraft:iron_sword":15,"minecraft:rotten_flesh":4,"minecraft:torch":19,"minecraft:dirt":17,"minecraft:crafting_table":4,"minecraft:spruce_log":6,"minecraft:wooden_axe":2,"minecraft:flowering_azalea":1,"minecraft:iron_axe":3,"minecraft:bread":3,"minecraft:iron_pickaxe":108,"minecraft:iron_helmet":1,"minecraft:iron_boots":1,"minecraft:stone_axe":124,"minecraft:cobblestone":7,"minecraft:furnace":2,"minecraft:cobbled_deepslate":10,"minecraft:iron_leggings":1},"minecraft:mined":{"minecraft:podzol":3,"minecraft:tuff":6,"minecraft:spruce_planks":4,"minecraft:deepslate_diamond_ore":1,"minecraft:crafting_table":1,"minecraft:clay":4,"minecraft:oak_fence":4,"minecraft:glow_lichen":1,"minecraft:granite":2,"minecraft:calcite":1,"minecraft:cobblestone":7,"minecraft:spruce_leaves":3,"minecraft:deepslate_gold_ore":9,"minecraft:moss_block":2,"minecraft:oak_planks":1,"minecraft:wall_torch":1,"minecraft:amethyst_block":2,"minecraft:furnace":1,"minecraft:iron_ore":16,"minecraft:cobbled_deepslate":3,"minecraft:spruce_log":195,"minecraft:andesite":10,"minecraft:deepslate_lapis_ore":1,"minecraft:grass":4,"minecraft:coal_ore":21,"minecraft:cave_vines":1,"minecraft:deepslate_iron_ore":38,"minecraft:vine":1,"minecraft:dirt":9,"minecraft:cobweb":3,"minecraft:stone":131,"minecraft:deepslate":22,"minecraft:fern":4},"minecraft:broken":{"minecraft:stone_pickaxe":1,"minecraft:stone_axe":1},"minecraft:killed":{"minecraft:cave_spider":1,"minecraft:spider":3,"minecraft:skeleton":4,"minecraft:zombie":4,"minecraft:tropical_fish":3},"minecraft:killed_by":{"minecraft:player":1,"minecraft:creeper":1},"minecraft:picked_up":{"minecraft:wooden_axe":3,"minecraft:crafting_table":1,"minecraft:clay_ball":424,"minecraft:andesite":36,"minecraft:wooden_pickaxe":4,"minecraft:tuff":39,"minecraft:lapis_lazuli":25,"minecraft:dirt":34,"minecraft:string":10,"minecraft:moss_carpet":63,"minecraft:name_tag":2,"minecraft:bone":5,"minecraft:wheat_seeds":24,"minecraft:cobbled_deepslate":46,"minecraft:raw_gold":29,"minecraft:spruce_planks":443,"minecraft:iron_ingot":3,"minecraft:stone_pickaxe":3,"minecraft:azalea":2,"minecraft:iron_pickaxe":3,"minecraft:moss_block":5,"minecraft:oak_planks":12,"minecraft:flowering_azalea":3,"minecraft:furnace":1,"minecraft:stick":7,"minecraft:raw_iron":170,"minecraft:oak_fence":13,"minecraft:torch":9,"minecraft:spruce_sapling":48,"minecraft:spruce_log":611,"minecraft:spider_eye":4,"minecraft:rotten_flesh":4,"minecraft:stone_sword":2,"minecraft:arrow":16,"minecraft:diamond":3,"minecraft:tropical_fish":5,"minecraft:stone_axe":1,"minecraft:granite":2,"minecraft:gold_ingot":8,"minecraft:coal":52,"minecraft:rail":6,"minecraft:cobblestone":391},"minecraft:crafted":{"minecraft:crafting_table":4,"minecraft:spruce_planks":100,"minecraft:iron_helmet":1,"minecraft:wooden_pickaxe":1,"minecraft:iron_sword":1,"minecraft:furnace":2,"minecraft:stone_axe":1,"minecraft:air":0,"minecraft:iron_boots":1,"minecraft:iron_chestplate":1,"minecraft:shield":2,"minecraft:iron_axe":1,"minecraft:stick":12,"minecraft:iron_ingot":37,"minecraft:stone_pickaxe":2,"minecraft:stone_sword":1,"minecraft:iron_leggings":1,"minecraft:torch":20},"minecraft:custom":{"minecraft:interact_with_furnace":32,"minecraft:mob_kills":15,"minecraft:interact_with_crafting_table":27,"minecraft:leave_game":1,"minecraft:time_since_death":11872,"minecraft:climb_one_cm":1465,"minecraft:time_since_rest":11895,"minecraft:sprint_one_cm":121548,"minecraft:damage_taken":1041,"minecraft:walk_one_cm":138807,"minecraft:damage_blocked_by_shield":355,"minecraft:drop":34,"minecraft:damage_dealt":2445,"minecraft:swim_one_cm":391,"minecraft:fly_one_cm":71940,"minecraft:crouch_one_cm":18602,"minecraft:play_time":65805,"minecraft:deaths":3,"minecraft:sneak_time":10551,"minecraft:walk_under_water_one_cm":30,"minecraft:jump":690,"minecraft:walk_on_water_one_cm":10039,"minecraft:total_world_time":65805,"minecraft:fall_one_cm":10738},"minecraft:dropped":{"minecraft:moss_carpet":21,"minecraft:moss_block":5,"minecraft:wheat_seeds":8,"minecraft:cobbled_deepslate":1,"minecraft:oak_fence":7,"minecraft:clay_ball":196,"minecraft:oak_planks":2,"minecraft:rail":2,"minecraft:shield":1,"minecraft:torch":1,"minecraft:spruce_planks":90,"minecraft:wooden_axe":1,"minecraft:andesite":10,"minecraft:azalea":2,"minecraft:spider_eye":2,"minecraft:arrow":6,"minecraft:flowering_azalea":2,"minecraft:wooden_pickaxe":3,"minecraft:stone_pickaxe":1,"minecraft:iron_pickaxe":1,"minecraft:bone":1}},"DataVersion":3465}