{"stats":{"minecraft:used":{"minecraft:stone_sword":18,"minecraft:tropical_fish":5,"minecraft:stone_pickaxe":160,"minecraft:spruce_planks":15,"minecraft:wooden_pickaxe":9,"minecraft:rotten_flesh":3,"minecraft:torch":17,"minecraft:dirt":17,"minecraft:crafting_table":3,"minecraft:spruce_log":6,"minecraft:wooden_axe":2,"minecraft:flowering_azalea":1,"minecraft:iron_pickaxe":68,"minecraft:stone_axe":118,"minecraft:cobblestone":7,"minecraft:furnace":1},"minecraft:mined":{"minecraft:podzol":3,"minecraft:tuff":1,"minecraft:spruce_planks":2,"minecraft:deepslate_diamond_ore":1,"minecraft:clay":4,"minecraft:granite":2,"minecraft:cobblestone":6,"minecraft:deepslate_gold_ore":3,"minecraft:spruce_leaves":3,"minecraft:moss_block":2,"minecraft:wall_torch":1,"minecraft:iron_ore":16,"minecraft:spruce_log":195,"minecraft:andesite":10,"minecraft:grass":3,"minecraft:coal_ore":21,"minecraft:cave_vines":1,"minecraft:deepslate_iron_ore":27,"minecraft:dirt":9,"minecraft:stone":131,"minecraft:deepslate":12,"minecraft:fern":4},"minecraft:broken":{"minecraft:stone_pickaxe":1},"minecraft:killed":{"minecraft:spider":1,"minecraft:skeleton":3,"minecraft:zombie":2,"minecraft:tropical_fish":3},"minecraft:picked_up":{"minecraft:wooden_axe":2,"minecraft:clay_ball":133,"minecraft:andesite":16,"minecraft:wooden_pickaxe":1,"minecraft:tuff":1,"minecraft:string":2,"minecraft:dirt":34,"minecraft:moss_carpet":21,"minecraft:bone":2,"minecraft:wheat_seeds":9,"minecraft:cobbled_deepslate":12,"minecraft:raw_gold":3,"minecraft:spruce_planks":257,"minecraft:stone_pickaxe":1,"minecraft:azalea":2,"minecraft:iron_pickaxe":1,"minecraft:moss_block":2,"minecraft:oak_planks":8,"minecraft:flowering_azalea":3,"minecraft:raw_iron":43,"minecraft:stick":7,"minecraft:torch":5,"minecraft:spruce_sapling":32,"minecraft:spruce_log":353,"minecraft:arrow":4,"minecraft:rotten_flesh":3,"minecraft:diamond":1,"minecraft:tropical_fish":5,"minecraft:stone_axe":1,"minecraft:granite":1,"minecraft:coal":38,"minecraft:rail":1,"minecraft:cobblestone":171},"minecraft:crafted":{"minecraft:crafting_table":3,"minecraft:spruce_planks":100,"minecraft:wooden_pickaxe":1,"minecraft:furnace":1,"minecraft:stone_axe":1,"minecraft:stick":8,"minecraft:stone_pickaxe":2,"minecraft:stone_sword":1,"minecraft:torch":16},"minecraft:custom":{"minecraft:interact_with_furnace":3,"minecraft:mob_kills":9,"minecraft:interact_with_crafting_table":11,"minecraft:time_since_death":20874,"minecraft:climb_one_cm":957,"minecraft:time_since_rest":20900,"minecraft:sprint_one_cm":53751,"minecraft:damage_taken":540,"minecraft:walk_one_cm":68201,"minecraft:drop":3,"minecraft:damage_dealt":1073,"minecraft:swim_one_cm":391,"minecraft:fly_one_cm":29905,"minecraft:crouch_one_cm":16343,"minecraft:play_time":42000,"minecraft:deaths":1,"minecraft:sneak_time":8938,"minecraft:walk_under_water_one_cm":30,"minecraft:jump":503,"minecraft:walk_on_water_one_cm":7514,"minecraft:total_world_time":42000,"minecraft:fall_one_cm":9931},"minecraft:dropped":{"minecraft:torch":1,"minecraft:spruce_planks":90}},"DataVersion":3465}