{"stats":{"minecraft:used":{"minecraft:stone_sword":31,"minecraft:tropical_fish":5,"minecraft:stone_pickaxe":163,"minecraft:shield":9,"minecraft:spruce_planks":24,"minecraft:wooden_pickaxe":9,"minecraft:iron_sword":26,"minecraft:cooked_salmon":3,"minecraft:rotten_flesh":4,"minecraft:torch":22,"minecraft:dirt":21,"minecraft:rail":3,"minecraft:crafting_table":5,"minecraft:spruce_log":6,"minecraft:spruce_boat":1,"minecraft:wooden_axe":2,"minecraft:flowering_azalea":1,"minecraft:iron_axe":5,"minecraft:bread":3,"minecraft:iron_pickaxe":180,"minecraft:iron_helmet":1,"minecraft:iron_boots":1,"minecraft:stone_axe":124,"minecraft:cobblestone":31,"minecraft:furnace":3,"minecraft:cobbled_deepslate":31,"minecraft:iron_leggings":1},"minecraft:mined":{"minecraft:podzol":3,"minecraft:tuff":6,"minecraft:spruce_planks":4,"minecraft:deepslate_diamond_ore":1,"minecraft:crafting_table":2,"minecraft:clay":4,"minecraft:oak_fence":4,"minecraft:glow_lichen":1,"minecraft:granite":4,"minecraft:calcite":1,"minecraft:dead_bush":1,"minecraft:cobblestone":7,"minecraft:sugar_cane":3,"minecraft:spruce_leaves":3,"minecraft:deepslate_gold_ore":9,"minecraft:moss_block":2,"minecraft:oak_planks":1,"minecraft:wall_torch":1,"minecraft:amethyst_block":2,"minecraft:furnace":2,"minecraft:iron_ore":16,"minecraft:cobbled_deepslate":3,"minecraft:spruce_log":195,"minecraft:andesite":10,"minecraft:deepslate_lapis_ore":1,"minecraft:rail":1,"minecraft:grass":4,"minecraft:coal_ore":37,"minecraft:cave_vines":1,"minecraft:deepslate_iron_ore":38,"minecraft:vine":1,"minecraft:dirt":13,"minecraft:cobweb":3,"minecraft:stone":164,"minecraft:deepslate":39,"minecraft:fern":4},"minecraft:broken":{"minecraft:stone_pickaxe":1,"minecraft:stone_axe":1},"minecraft:killed":{"minecraft:cave_spider":1,"minecraft:salmon":5,"minecraft:spider":3,"minecraft:skeleton":5,"minecraft:zombie":5,"minecraft:tropical_fish":3},"minecraft:killed_by":{"minecraft:player":1,"minecraft:creeper":1},"minecraft:picked_up":{"minecraft:wooden_axe":3,"minecraft:crafting_table":2,"minecraft:salmon":6,"minecraft:clay_ball":424,"minecraft:andesite":36,"minecraft:wooden_pickaxe":4,"minecraft:tuff":39,"minecraft:lapis_lazuli":25,"minecraft:dirt":38,"minecraft:string":10,"minecraft:moss_carpet":63,"minecraft:name_tag":2,"minecraft:bone":7,"minecraft:wheat_seeds":24,"minecraft:cobbled_deepslate":63,"minecraft:raw_gold":29,"minecraft:spruce_planks":443,"minecraft:iron_ingot":3,"minecraft:stone_pickaxe":3,"minecraft:azalea":2,"minecraft:iron_pickaxe":3,"minecraft:moss_block":5,"minecraft:sugar_cane":6,"minecraft:oak_planks":12,"minecraft:flowering_azalea":3,"minecraft:furnace":2,"minecraft:stick":7,"minecraft:raw_iron":170,"minecraft:oak_fence":15,"minecraft:torch":10,"minecraft:spruce_sapling":48,"minecraft:spruce_log":611,"minecraft:spider_eye":4,"minecraft:rotten_flesh":4,"minecraft:stone_sword":2,"minecraft:arrow":16,"minecraft:diamond":3,"minecraft:tropical_fish":5,"minecraft:stone_axe":1,"minecraft:granite":4,"minecraft:gold_ingot":8,"minecraft:coal":86,"minecraft:rail":7,"minecraft:cobblestone":424},"minecraft:crafted":{"minecraft:crafting_table":4,"minecraft:spruce_planks":100,"minecraft:iron_helmet":1,"minecraft:wooden_pickaxe":1,"minecraft:iron_sword":1,"minecraft:furnace":2,"minecraft:cooked_salmon":4,"minecraft:stone_axe":1,"minecraft:air":0,"minecraft:iron_boots":1,"minecraft:iron_chestplate":1,"minecraft:shield":2,"minecraft:iron_axe":1,"minecraft:stick":12,"minecraft:iron_ingot":37,"minecraft:stone_pickaxe":2,"minecraft:spruce_boat":1,"minecraft:stone_sword":1,"minecraft:iron_leggings":1,"minecraft:torch":20},"minecraft:custom":{"minecraft:interact_with_furnace":43,"minecraft:mob_kills":22,"minecraft:interact_with_crafting_table":28,"minecraft:leave_game":1,"minecraft:time_since_death":23872,"minecraft:climb_one_cm":1465,"minecraft:time_since_rest":23895,"minecraft:sprint_one_cm":151569,"minecraft:damage_taken":1052,"minecraft:walk_one_cm":151650,"minecraft:damage_blocked_by_shield":480,"minecraft:drop":36,"minecraft:damage_dealt":2875,"minecraft:swim_one_cm":18940,"minecraft:fly_one_cm":89807,"minecraft:open_chest":2,"minecraft:crouch_one_cm":18781,"minecraft:play_time":77805,"minecraft:deaths":3,"minecraft:sneak_time":10808,"minecraft:walk_under_water_one_cm":7811,"minecraft:boat_one_cm":87705,"minecraft:jump":900,"minecraft:walk_on_water_one_cm":13389,"minecraft:total_world_time":77805,"minecraft:fall_one_cm":12381},"minecraft:dropped":{"minecraft:moss_carpet":21,"minecraft:moss_block":5,"minecraft:wheat_seeds":8,"minecraft:cobbled_deepslate":1,"minecraft:oak_fence":7,"minecraft:clay_ball":196,"minecraft:oak_planks":2,"minecraft:rail":2,"minecraft:shield":1,"minecraft:torch":1,"minecraft:spruce_planks":90,"minecraft:wooden_axe":1,"minecraft:andesite":10,"minecraft:azalea":2,"minecraft:spider_eye":4,"minecraft:arrow":6,"minecraft:flowering_azalea":2,"minecraft:wooden_pickaxe":3,"minecraft:stone_pickaxe":1,"minecraft:iron_pickaxe":1,"minecraft:bone":1}},"DataVersion":3465}