{
  "idas:idas_root": {
    "criteria": {
      "always": "2024-09-17 13:38:39 +0000"
    },
    "done": true
  },
  "biomesoplenty:biomesoplenty/root": {
    "criteria": {
      "lavender_forest": "2024-09-17 14:47:08 +0000"
    },
    "done": true
  },
  "lootr:social": {
    "criteria": {
      "opened_chest": "2024-09-17 14:49:33 +0000"
    },
    "done": false
  },
  "farmersdelight:main/root": {
    "criteria": {
      "seeds": "2024-09-17 13:38:39 +0000"
    },
    "done": true
  },
  "create:root": {
    "criteria": {
      "0": "2024-09-17 13:38:39 +0000"
    },
    "done": true
  },
  "lootr:root": {
    "criteria": {
      "always_true": "2024-09-17 13:38:39 +0000"
    },
    "done": true
  },
  "cataclysm:root": {
    "criteria": {
      "custom_test_name": "2024-09-17 13:38:39 +0000"
    },
    "done": true
  },
  "1_splatus:ultris/root": {
    "criteria": {
      "c1": "2024-09-17 14:41:01 +0000"
    },
    "done": true
  },
  "dungeons_arise:wda_root": {
    "criteria": {
      "WDA": "2024-09-17 13:38:39 +0000"
    },
    "done": true
  },
  "biomesoplenty:biomesoplenty/all_biomes": {
    "criteria": {
      "shrubland": "2024-09-17 22:14:12 +0000",
      "marsh": "2024-09-17 22:17:44 +0000",
      "orchard": "2024-09-17 22:13:31 +0000",
      "lavender_forest": "2024-09-17 14:47:08 +0000",
      "mediterranean_forest": "2024-09-17 14:48:49 +0000",
      "redwood_forest": "2024-09-17 17:24:00 +0000",
      "cherry_blossom_grove": "2024-09-17 15:00:43 +0000",
      "dune_beach": "2024-09-17 14:47:43 +0000",
      "lavender_field": "2024-09-17 22:18:25 +0000"
    },
    "done": false
  },
  "apollyon:apollyon": {
    "criteria": {
      "apollyon": "2024-09-17 14:54:03 +0000"
    },
    "done": true
  },
  "minecraft:story/mine_stone": {
    "criteria": {
      "get_stone": "2024-09-17 22:15:58 +0000"
    },
    "done": true
  },
  "minecraft:adventure/root": {
    "criteria": {
      "killed_by_something": "2024-09-17 14:45:48 +0000"
    },
    "done": true
  },
  "mowziesmobs:root": {
    "criteria": {
      "custom_test_name": "2024-09-17 13:38:39 +0000"
    },
    "done": true
  },
  "ironfurnaces:coal": {
    "criteria": {
      "rainbowcoal": "2024-09-17 13:38:39 +0000"
    },
    "done": true
  },
  "lootr:1chest": {
    "criteria": {
      "opened_chest": "2024-09-17 14:49:33 +0000"
    },
    "done": true
  },
  "dungeons_arise:find_mushroom_house": {
    "criteria": {
      "location0": "2024-09-17 22:19:59 +0000"
    },
    "done": true
  },
  "travelersbackpack:standard_from_custom": {
    "criteria": {
      "has_the_recipe": "2024-09-17 14:41:01 +0000"
    },
    "done": true
  },
  "parcool:grant_parcool_guide": {
    "criteria": {
      "tick": "2024-09-17 13:38:39 +0000"
    },
    "done": true
  },
  "minecraft:adventure/adventuring_time": {
    "criteria": {
      "minecraft:birch_forest": "2024-09-17 15:00:16 +0000",
      "minecraft:windswept_hills": "2024-09-17 22:02:23 +0000",
      "minecraft:beach": "2024-09-17 14:48:50 +0000",
      "minecraft:lukewarm_ocean": "2024-09-17 14:48:46 +0000",
      "minecraft:river": "2024-09-17 14:47:02 +0000",
      "minecraft:forest": "2024-09-17 14:41:51 +0000",
      "minecraft:ocean": "2024-09-17 14:47:47 +0000",
      "minecraft:windswept_savanna": "2024-09-17 22:13:52 +0000",
      "minecraft:old_growth_birch_forest": "2024-09-17 13:38:40 +0000",
      "minecraft:plains": "2024-09-17 14:47:05 +0000"
    },
    "done": false
  },
  "DataVersion": 3120
}